comp,compID_num,comp_name_simple,comp_name_full,specie.A,specie.B1,specie.B2,specie.X,element.A,element.B1,element.B2,element.X,r_ionic.A,r_ionic.B1,r_ionic.B2,r_ionic.X,oct_factor,oct_mismatch,gen_t_factor,geom_stable,broken_condition,tau_factor,block.B1,row.B1,inputcharge.B1,block.B2,row.B2,inputcharge.B2,used_lobbasis,used_lobbasis_func,block_pairing,VBM,CBM,bandgap,VBMtotcontr.A,VBMorbital.A,VBMorbchar.A,VBMorborder.A,VBMorbcontr.A,CBMtotcontr.A,CBMorbital.A,CBMorbchar.A,CBMorborder.A,CBMorbcontr.A,VBMtotcontr.B1,VBMorbital.B1,VBMorbchar.B1,VBMorborder.B1,VBMorbcontr.B1,CBMtotcontr.B1,CBMorbital.B1,CBMorbchar.B1,CBMorborder.B1,CBMorbcontr.B1,VBMtotcontr.B2,VBMorbital.B2,VBMorbchar.B2,VBMorborder.B2,VBMorbcontr.B2,CBMtotcontr.B2,CBMorbital.B2,CBMorbchar.B2,CBMorborder.B2,CBMorbcontr.B2,VBMtotcontr.X,VBMorbital.X,VBMorbchar.X,VBMorborder.X,VBMorbcontr.X,CBMtotcontr.X,CBMorbital.X,CBMorbchar.X,CBMorborder.X,CBMorbcontr.X,spin_vbm,spin_cbm,spin_forbidden,cond_type,lattice_a_primitive,lattice_a_conventional,distance_B1_X,distance_B1_A,size_Oh_B1,distance_B2_X,distance_B2_A,size_Oh_B2,calc_oct_mismatch,abs_charge_spilling,bandOverlap_exists,bandOverlap_maxDev,bandOverlap_perc_kpts,popdiff.total,popdiff.B1,popdiff.B2,charge.B1,charge.B2,charge.A,charge.X,charge.total,charge.balanced,Icohp.B1.sum,Icohp.B1.avg,Icohp.B1.avg_spinup,Icohp.B1.avg_spindown,Icohp.B1.x_avg,Icohp.B1.x_spinup,Icohp.B1.x_spindown,Icohp.B1.y_avg,Icohp.B1.y_spinup,Icohp.B1.y_spindown,Icohp.B1.z_avg,Icohp.B1.z_spinup,Icohp.B1.z_spindown,Icobi.B1.sum,Icobi.B1.avg,Icobi.B1.avg_spinup,Icobi.B1.avg_spindown,Icobi.B1.x_avg,Icobi.B1.x_spinup,Icobi.B1.x_spindown,Icobi.B1.y_avg,Icobi.B1.y_spinup,Icobi.B1.y_spindown,Icobi.B1.z_avg,Icobi.B1.z_spinup,Icobi.B1.z_spindown,Icohp.B1.axial_asym_index,Icohp.B1.directional_asym_index,Icobi.B1.axial_asym_index,Icobi.B1.directional_asym_index,Icohp.B2.sum,Icohp.B2.avg,Icohp.B2.avg_spinup,Icohp.B2.avg_spindown,Icohp.B2.x_avg,Icohp.B2.x_spinup,Icohp.B2.x_spindown,Icohp.B2.y_avg,Icohp.B2.y_spinup,Icohp.B2.y_spindown,Icohp.B2.z_avg,Icohp.B2.z_spinup,Icohp.B2.z_spindown,Icobi.B2.sum,Icobi.B2.avg,Icobi.B2.avg_spinup,Icobi.B2.avg_spindown,Icobi.B2.x_avg,Icobi.B2.x_spinup,Icobi.B2.x_spindown,Icobi.B2.y_avg,Icobi.B2.y_spinup,Icobi.B2.y_spindown,Icobi.B2.z_avg,Icobi.B2.z_spinup,Icobi.B2.z_spindown,Icohp.B2.axial_asym_index,Icohp.B2.directional_asym_index,Icobi.B2.axial_asym_index,Icobi.B2.directional_asym_index,MadelungEnergy,SitePotential.B1,SitePotential.B2,vbmsite,cbmsite,vbmorbital,vbmorbchar,vbmorborder,vbmorbcontr,cbmorbital,cbmorbchar,cbmorborder,cbmorbcontr,transition_sites,transition_bands
1086_CsHgYbCl,1086,CsHgYbCl,Cs2HgYbCl6,Cs+,Hg+,Yb3+,Cl-,Cs,Hg,Yb,Cl,188.0,119.0,86.8,181.0,0.5685082872928177,0.0889502762430939,0.9183264210296348,True,,3.7904544739359216,d,6,1,f,6.0,3,basisset0,"{'Hg': ' 5d 6s', 'Yb': ' 4f 5p 5s 6s', 'Cs': ' 5p 5s', 'Cl': ' 3p 3s'}",d-f,-0.29709,0.03565,0.33274,0.0,,,,0.0,0.0,,,,0.0,0.5701336791185548,6s,s,6.0,0.5698801270585163,0.6728397169888919,6s,s,6.0,0.6726612597159404,0.0751918301659209,4f,f,4.0,0.0675590766700839,0.0186086201116055,6s,s,6.0,0.0171405565077018,0.3528712405319079,3p,p,3.0,0.2963418841674359,0.3055770543390371,3p,p,3.0,0.2314595640351354,1.0,-1.0,True,semiconductor,7.675738038014928,10.855132834583763,2.869671175009559,4.700410398102061,5.739342350019118,2.557895242282324,4.700410398102061,5.115790484564644,0.086126,1.265,False,,,0.0,0.64,-0.9,0.73,2.34,1.01,-0.85,-0.01,True,-2.07454,-0.3457566666666666,-0.0166366666666666,-0.32912,-0.34337,-0.0131,-0.33027,-0.34691,-0.01835,-0.32856,-0.3469899999999999,-0.01846,-0.32853,0.2428799999999999,0.0404799999999999,0.0030733333333333,0.0374066666666666,0.0396,0.00245,0.03715,0.04091,0.00338,0.03753,0.0409299999999999,0.00339,0.03754,4.020582802620591e-17,0.0104697908934027,4.532235734804429e-18,0.0328557312252962,-7.36434,-1.22739,-0.619535,-0.6078549999999999,-1.216625,-0.60857,-0.608055,-1.232675,-0.624915,-0.60776,-1.23287,-0.62512,-0.60775,0.76821,0.1280349999999999,0.06723,0.060805,0.125225,0.06443,0.060795,0.12941,0.0686,0.06081,0.12947,0.06866,0.06081,2.357027035164041e-06,0.0132354019504803,1.6666698000322722e-06,0.0331549966805951,-50.05,-8.2,-18.1,B1,B1,6s,s,6.0,0.5698801270585163,6s,s,6.0,0.6726612597159404,B-B,s-s
1107_CsHgTmCl,1107,CsHgTmCl,Cs2HgTmCl6,Cs+,Hg+,Tm3+,Cl-,Cs,Hg,Tm,Cl,188.0,119.0,88.0,181.0,0.5718232044198895,0.0856353591160221,0.9164463884037966,True,,3.792041311791341,d,6,1,f,6.0,3,basisset0,"{'Hg': ' 5d 6s', 'Tm': ' 4f 5p 5s 6s', 'Cs': ' 5p 5s', 'Cl': ' 3p 3s'}",d-f,-0.39579,0.02328,0.41907,0.0,,,,0.0,0.0,,,,0.0,0.6045893628327671,6s,s,6.0,0.604233864236749,0.4804821434926759,6s,s,6.0,0.4803846688681825,0.0,,,,0.0,0.3192427261243122,4f,f,4.0,0.3096339540440778,0.3839574858516442,3p,p,3.0,0.3248241080304019,0.1984328966706606,3p,p,3.0,0.1464282888237943,-1.0,1.0,True,semiconductor,7.6894500052237476,10.874524484577288,2.869700072647383,4.708807228859905,5.739400145294764,2.5675621696412616,4.708807228859905,5.135124339282526,0.083464,1.29,False,,,-3.02,-0.68,-1.98,0.7,2.4,1.01,-0.85,0.02,True,-1.95468,-0.3257799999999999,-0.3286233333333333,0.0028433333333333,-0.32436,-0.32723,0.00287,-0.32477,-0.3276,0.00283,-0.32821,-0.33104,0.00283,0.21156,0.03526,0.0347666666666666,0.0004933333333333,0.03486,0.03438,0.00048,0.0349999999999999,0.03451,0.00049,0.0359199999999999,0.03541,0.00051,0.0,0.0118177911473999,0.0,0.030062393647192,-7.328060000000001,-1.2213433333333334,-0.6355266666666667,-0.5858166666666667,-1.22685,-0.64273,-0.58412,-1.22472,-0.63864,-0.58608,-1.21246,-0.62521,-0.58725,0.75377,0.1256283333333333,0.0658599999999999,0.0597683333333333,0.12624,0.06654,0.0597,0.12599,0.06622,0.05977,0.124655,0.06482,0.059835,3.333336198692768e-06,0.0117821087709433,1.6666680993093763e-06,0.0126165806545764,-50.92,-8.13,-18.33,B1,B1,6s,s,6.0,0.604233864236749,6s,s,6.0,0.4803846688681825,B-B,s-s
1141_CsHgAgCl,1141,CsHgAgCl,Cs2HgAgCl6,Cs+,Hg+,Ag3+,Cl-,Cs,Hg,Ag,Cl,188.0,119.0,75.0,181.0,0.5359116022099447,0.1215469613259668,0.9371037588447486,True,,3.7948800613311047,d,6,1,d,5.0,3,basisset0,"{'Hg': ' 5d 6s', 'Ag': ' 4d 5s', 'Cs': ' 5p 5s', 'Cl': ' 3p 3s'}",d-d,-0.00643,0.00643,0.01286,0.0,,,,0.0,0.0,,,,0.0,0.048927710283224,5d,d,5.0,0.0331034447459104,0.0589409291947307,5d,d,5.0,0.0512234530011641,0.2946763211627025,4d,d,4.0,0.2922947584293074,0.2714471878577079,4d,d,4.0,0.2678079928416886,0.6560331998418406,3p,p,3.0,0.6427013963503037,0.6695481598041623,3p,p,3.0,0.6611622568370308,-1.0,-1.0,False,half-metal,7.3105180670521746,10.338633798398728,2.618102254534792,4.476759754918851,5.236204509069583,2.5512146446645723,4.476759754918851,5.102429289329145,0.018477,0.625,True,0.0,0.0,0.99,0.03,0.26,1.21,0.75,1.01,-0.6666666666666666,-0.02,True,-6.129169999999999,-1.0215283333333331,-0.4849483333333333,-0.53658,-1.023755,-0.486895,-0.53686,-1.0174,-0.4813349999999999,-0.536065,-1.0234299999999998,-0.486615,-0.536815,0.90672,0.15112,0.0741783333333333,0.0769416666666666,0.15231,0.074835,0.0774749999999999,0.14892,0.072965,0.075955,0.15213,0.074735,0.077395,8.112068120325943e-05,0.0062210707159371,1.2472200162441757e-05,0.0224325039703547,-7.62225,-1.270375,-0.5528316666666667,-0.7175433333333334,-1.259905,-0.5536700000000001,-0.706235,-1.28977,-0.55127,-0.7385,-1.26145,-0.553555,-0.7078949999999999,0.8627199999999999,0.1437866666666666,0.0627266666666666,0.08106,0.14188,0.062795,0.0790849999999999,0.147315,0.0626,0.084715,0.1421649999999999,0.062785,0.07938,5.283612217050148e-05,0.0235088064547869,1.080121348685778e-05,0.0377990541543026,-27.36,-10.38,-8.57,X,X,3p,p,3.0,0.6427013963503037,3p,p,3.0,0.6611622568370308,X-X,p-p
1173_CsHgDyCl,1173,CsHgDyCl,Cs2HgDyCl6,Cs+,Hg+,Dy3+,Cl-,Cs,Hg,Dy,Cl,188.0,119.0,91.2,181.0,0.5806629834254143,0.0767955801104972,0.9114595077637776,True,,3.798147500565255,d,6,1,f,6.0,3,basisset0,"{'Hg': ' 5d 6s', 'Dy': ' 4f 5p 5s 6s', 'Cs': ' 5p 5s', 'Cl': ' 3p 3s'}",d-f,-0.46431,0.03239,0.4967,0.0,,,,0.0,0.0,,,,0.0,0.6039126856030554,6s,s,6.0,0.603537923901942,0.6689393821805104,6s,s,6.0,0.6687736649261029,0.0111657925943618,6s,s,6.0,0.0077762123819779,0.0265004563691882,6s,s,6.0,0.0123706636937995,0.3829824242337145,3p,p,3.0,0.3235519083980814,0.3021194460752402,3p,p,3.0,0.2341867848022213,-1.0,1.0,True,semiconductor,7.733881145998787,10.93735960645306,2.868752631531008,4.7360156347570594,5.737505263062014,2.599927171695522,4.7360156347570594,5.199854343391046,0.074261,1.31,False,,,-6.04,-0.68,-5.0,0.7,2.42,1.01,-0.86,-0.02,True,-1.95089,-0.3251483333333334,-0.328305,0.0031566666666666,-0.32298,-0.32612,0.00314,-0.32646,-0.32959,0.00313,-0.326005,-0.3292049999999999,0.0032,0.2121,0.03535,0.0348566666666666,0.0004933333333333,0.03476,0.03428,0.00048,0.03576,0.03525,0.00051,0.03553,0.03504,0.00049,1.666668057067138e-06,0.0107028074366056,1.2958991938867484e-17,0.0282885431400283,-7.046860000000001,-1.1744766666666668,-0.6173016666666666,-0.557175,-1.179205,-0.623975,-0.55523,-1.171415,-0.61028,-0.5611349999999999,-1.17281,-0.61765,-0.55516,0.72119,0.1201983333333333,0.0626233333333333,0.057575,0.12054,0.06308,0.05746,0.119955,0.06214,0.057815,0.1201,0.06265,0.05745,2.357020252861816e-06,0.0066327413912011,1.6666650042250024e-06,0.0048669560032722,-50.98,-8.2,-18.21,B1,B1,6s,s,6.0,0.603537923901942,6s,s,6.0,0.6687736649261029,B-B,s-s
1208_CsAuAgCl,1208,CsAuAgCl,Cs2AuAgCl6,Cs+,Au+,Ag3+,Cl-,Cs,Au,Ag,Cl,188.0,137.0,75.0,181.0,0.585635359116022,0.1712707182320442,0.9064971070286588,True,,3.802793288960511,d,6,1,d,5.0,3,basisset0,"{'Au': ' 5d 6s', 'Ag': ' 4d 5s', 'Cs': ' 5p 5s', 'Cl': ' 3p 3s'}",d-d,-0.00641,0.00641,0.01282,0.0,,,,0.0,0.0,,,,0.0,0.3057940768325245,5d,d,5.0,0.3030571616270501,0.2725595245680957,5d,d,5.0,0.2680079464450589,0.0846038538456792,4d,d,4.0,0.0731487833176657,0.110769636314231,4d,d,4.0,0.1052927918777731,0.6093475175760478,3p,p,3.0,0.5925872692671111,0.6166110534684701,3p,p,3.0,0.60605200119845,1.0,1.0,False,metallic,7.177121779000772,10.149982958666207,2.517298305307885,4.395071545092037,5.03459661061577,2.5576931740252187,4.395071545092037,5.115386348050437,0.011159,0.65,True,0.0,0.0,0.0,0.0,0.0,0.82,0.68,1.01,-0.59,-0.02,True,-9.36956,-1.5615933333333334,-0.780765,-0.7808283333333333,-1.56032,-0.7804150000000001,-0.7799050000000001,-1.5622,-0.82781,-0.73439,-1.56226,-0.73407,-0.82819,1.18609,0.1976816666666666,0.0988366666666666,0.098845,0.197275,0.09867,0.098605,0.19788,0.10477,0.09311,0.19789,0.09307,0.10482,3.3333310806756464e-06,0.0012423208773944,1.666665540347075e-06,0.0031110623983003,-7.45106,-1.2418433333333334,-0.62092,-0.6209233333333334,-1.240955,-0.620485,-0.62047,-1.242305,-0.62188,-0.620425,-1.24227,-0.620395,-0.621875,0.8691600000000002,0.14486,0.07243,0.07243,0.14481,0.072405,0.072405,0.14489,0.07259,0.0723,0.14488,0.072295,0.072585,4.490736815647785e-05,0.0010870936484204,4.7140511079495935e-06,0.0005522573519261,-21.4,-8.32,-7.39,X,X,3p,p,3.0,0.5925872692671111,3p,p,3.0,0.60605200119845,X-X,p-p
1227_CsAuPdCl,1227,CsAuPdCl,Cs2AuPdCl6,Cs+,Au+,Pd3+,Cl-,Cs,Au,Pd,Cl,188.0,137.0,76.0,181.0,0.5883977900552486,0.1685082872928177,0.9050133986698108,True,,3.805755404636373,d,6,1,d,5.0,3,basisset0,"{'Au': ' 5d 6s', 'Pd': ' 4d 5s', 'Cs': ' 5p 5s', 'Cl': ' 3p 3s'}",d-d,-0.00639,0.00639,0.01278,0.0,,,,0.0,0.0,,,,0.0,0.1691770545079955,5d,d,5.0,0.1529755209528582,0.1736189045841644,5d,d,5.0,0.1669635634934541,0.262791117688162,4d,d,4.0,0.2562483984732369,0.24204439662022,4d,d,4.0,0.2385261197949039,0.5677094642642134,3p,p,3.0,0.5414927927436557,0.5842514356946928,3p,p,3.0,0.5695177247158452,1.0,1.0,False,metallic,7.088620577456203,10.024823359155564,2.5814598034219234,4.340875848740184,5.162919606843846,2.4309518761558584,4.340875848740184,4.861903752311718,0.041577,0.735,True,0.0,0.0,0.87,-0.04,0.65,0.64,0.59,1.01,-0.5433333333333333,-0.01,True,-7.80807,-1.301345,-0.66737,-0.633975,-1.29587,-0.664195,-0.631675,-1.300115,-0.66963,-0.630485,-1.3080500000000002,-0.668285,-0.639765,0.9834,0.1639,0.0843266666666666,0.0795733333333333,0.16303,0.0838349999999999,0.079195,0.1637,0.08456,0.07914,0.16497,0.084585,0.080385,4.728754008984245e-05,0.0093595472376658,7.4535604860450114e-06,0.0118364856619889,-11.50135,-1.9168916666666664,-0.7850750000000001,-1.1318166666666667,-1.91946,-0.7831699999999999,-1.13629,-1.93747,-0.804045,-1.133425,-1.893745,-0.7680100000000001,-1.125735,1.5699899999999998,0.261665,0.10581,0.155855,0.26059,0.10482,0.15577,0.2681099999999999,0.11035,0.15776,0.256295,0.10226,0.154035,7.312474852147225e-05,0.022810365739674,3.077699458385468e-05,0.0451531538417438,-18.32,-6.58,-7.24,X,X,3p,p,3.0,0.5414927927436557,3p,p,3.0,0.5695177247158452,X-X,p-p
1235_CsPdTmCl,1235,CsPdTmCl,Cs2PdTmCl6,Cs+,Pd2+,Tm2+,Cl-,Cs,Pd,Tm,Cl,188.0,86.0,103.0,181.0,0.5220994475138122,0.0469613259668508,0.9468614552855212,True,,3.807603501489553,d,5,2,f,6.0,2,basisset0,"{'Pd': ' 4d 5s', 'Tm': ' 4f 5p 5s 6s', 'Cs': ' 5p 5s', 'Cl': ' 3p 3s'}",d-f,-1.49259,0.01175,1.50434,0.0,,,,0.0,0.0,,,,0.0,0.6946374626617285,4d,d,4.0,0.6943719695708954,0.1207972834605055,4d,d,4.0,0.1198333993046957,0.0329348939014862,4f,f,4.0,0.0270288185169619,0.839671012197195,4f,f,4.0,0.8380094471544478,0.2722768565241959,3p,p,3.0,0.2468030353887364,0.039477477750492,3p,p,3.0,0.0344658509465108,-1.0,-1.0,False,semiconductor,7.321891270406355,10.354717936829836,2.6020591768421486,4.483724391158514,5.204118353684297,2.5752997915727693,4.483724391158514,5.150599583145539,0.007392,1.125,True,0.0,0.0,2.98,0.84,1.94,0.35,2.34,1.02,-0.7866666666666666,0.01,True,-6.32027,-1.0533783333333333,-0.4298216666666667,-0.6235566666666666,-0.96307,-0.43467,-0.5284,-0.96077,-0.43296,-0.52781,-1.236295,-0.421835,-0.81446,0.79624,0.1327066666666666,0.0550666666666666,0.07764,0.123035,0.05623,0.066805,0.12242,0.05583,0.06659,0.152665,0.05314,0.099525,0.0004708294345017,0.2615631927117039,5.787915851402496e-05,0.2279086707525368,-7.419219999999999,-1.2365366666666666,-0.5965483333333333,-0.6399883333333333,-1.240435,-0.59524,-0.645195,-1.23911,-0.593125,-0.645985,-1.230065,-0.60128,-0.6287849999999999,0.7660399999999999,0.1276733333333333,0.0602766666666666,0.0673966666666666,0.1297749999999999,0.06063,0.069145,0.129695,0.060515,0.0691799999999999,0.12355,0.059685,0.063865,4.236088620153605e-05,0.0083863263254088,1.929306276977285e-05,0.0487572450524775,-44.82,-7.29,-17.19,B1,B2,4d,d,4.0,0.6943719695708954,4f,f,4.0,0.8380094471544478,B-B,d-f
1255_CsPdHgCl,1255,CsPdHgCl,Cs2PdHgCl6,Cs+,Pd2+,Hg2+,Cl-,Cs,Pd,Hg,Cl,188.0,86.0,102.0,181.0,0.5193370165745856,0.0441988950276243,0.9486080594669988,True,,3.810921996671544,d,5,2,d,6.0,2,basisset0,"{'Pd': ' 4d 5s', 'Hg': ' 5d 6s', 'Cs': ' 5p 5s', 'Cl': ' 3p 3s'}",d-d,-0.0064,0.0064,0.0128,0.0,,,,0.0,0.0,,,,0.0,0.3724091122453726,4d,d,4.0,0.37125210912028,0.4320791140081483,4d,d,4.0,0.4291118162910187,0.0842662798712749,6s,s,6.0,0.0620620535959707,0.0813728703494865,6s,s,6.0,0.0638375581665534,0.5429270994997314,3p,p,3.0,0.5079683515665636,0.486257055111468,3p,p,3.0,0.4500035092429371,1.0,1.0,False,metallic,7.235042810794317,10.231895667375282,2.423676059062781,4.430540788409464,4.847352118125561,2.69227177462486,4.430540788409464,5.384543549249721,0.074198,0.75,True,0.0024,0.0,-0.01,0.0,0.0,0.6,1.07,1.01,-0.615,-0.0,True,-10.98776,-1.8312933333333328,-0.915295,-0.9159983333333332,-1.89063,-0.953565,-0.937065,-1.803815,-1.0831050000000002,-0.72071,-1.799435,-0.7092149999999999,-1.09022,1.40948,0.2349133333333333,0.117485,0.1174283333333333,0.24951,0.12594,0.12357,0.228205,0.1394449999999999,0.08876,0.227025,0.08707,0.139955,0.0003763635917481,0.049798139020146,9.095161421967012e-05,0.0957161506371144,-4.94796,-0.8246600000000001,-0.412585,-0.412075,-0.792985,-0.39532,-0.397665,-0.8396950000000001,-0.37966,-0.4600349999999999,-0.8412999999999999,-0.462775,-0.378525,0.7799800000000001,0.1299966666666666,0.06504,0.0649566666666666,0.118685,0.05913,0.059555,0.13536,0.06003,0.07533,0.135945,0.07596,0.059985,0.0001409689546474,0.0585877816312175,2.77889034146524e-05,0.1327726351957742,-23.16,-8.2,-8.84,X,X,3p,p,3.0,0.5079683515665636,3p,p,3.0,0.4500035092429371,X-X,p-p
1256_CsPdYbCl,1256,CsPdYbCl,Cs2PdYbCl6,Cs+,Pd2+,Yb2+,Cl-,Cs,Pd,Yb,Cl,188.0,86.0,102.0,181.0,0.5193370165745856,0.0441988950276243,0.9486080594669988,True,,3.810921996671544,d,5,2,f,6.0,2,basisset0,"{'Pd': ' 4d 5s', 'Yb': ' 4f 5p 5s 6s', 'Cs': ' 5p 5s', 'Cl': ' 3p 3s'}",d-f,-0.55708,0.01238,0.56946,0.0,,,,0.0,0.0,,,,0.0,0.6765405413025127,4d,d,4.0,0.6762613805518598,0.0329217730007244,4d,d,4.0,0.0320355251801339,0.0572029074504077,4f,f,4.0,0.0514452484335595,0.9210246604429184,4f,f,4.0,0.9202889472430624,0.2661086640144298,3p,p,3.0,0.2412409538638402,0.0460112286942755,3p,p,3.0,0.0443055823090129,-1.0,-1.0,False,semiconductor,7.309953668297547,10.337835618025348,2.603022509566138,4.476414132678777,5.206045019132275,2.5658952994465363,4.476414132678777,5.131790598893073,0.010256,1.115,True,0.0,0.0,2.01,0.86,0.93,0.36,2.31,1.02,-0.7866666666666666,-0.01,True,-6.391719999999999,-1.0652866666666665,-0.4338883333333332,-0.6313983333333333,-0.953265,-0.4385099999999999,-0.514755,-1.24207,-0.426845,-0.815225,-1.000525,-0.43631,-0.5642149999999999,0.8007799999999999,0.1334633333333333,0.0552666666666666,0.0781966666666666,0.120165,0.056075,0.06409,0.153615,0.05362,0.099995,0.12661,0.056105,0.070505,0.0012183812662753,0.271105430150257,0.0001976109221446,0.2506306351307475,-7.42614,-1.23769,-0.6044016666666666,-0.6332883333333333,-1.24506,-0.60122,-0.64384,-1.22995,-0.606715,-0.623235,-1.23806,-0.60527,-0.63279,0.7686000000000001,0.1281,0.0610583333333333,0.0670416666666666,0.1322,0.06145,0.07075,0.12316,0.06028,0.0628799999999999,0.12894,0.061445,0.067495,0.0001492199189195,0.0122082266157114,6.691607575464185e-05,0.0705698672911788,-44.62,-7.33,-17.13,B1,B2,4d,d,4.0,0.6762613805518598,4f,f,4.0,0.9202889472430624,B-B,d-f
1287_CsHgTiCl,1287,CsHgTiCl,Cs2HgTiCl6,Cs+,Hg+,Ti3+,Cl-,Cs,Hg,Ti,Cl,188.0,119.0,67.0,181.0,0.5138121546961326,0.143646408839779,0.9501351391040476,False,OL,3.818335733934757,d,6,1,d,4.0,3,basisset0,"{'Hg': ' 5d 6s', 'Ti': ' 3d 3p 3s 4s', 'Cs': ' 5p 5s', 'Cl': ' 3p 3s'}",d-d,-1.42116,0.01366,1.43482,0.0,,,,0.0,0.0,,,,0.0,0.7019988921844554,6s,s,6.0,0.7014946593833394,0.0,,,,0.0,0.066788954133284,3d,d,3.0,0.0653322992872437,0.8744902521600629,3d,d,3.0,0.8719034788752771,0.2294982079594907,3p,p,3.0,0.1867950870816575,0.1249790926406459,3p,p,3.0,0.1241779627140248,1.0,1.0,False,semiconductor,7.747592023148889,10.956749714870766,3.1391033799872696,4.744411797992994,6.278206759974537,2.339271477448113,4.744411797992994,4.67854295489623,0.220948,0.89,True,0.0,0.0,0.0,0.0,0.0,0.09,1.25,1.01,-0.56,0.0,True,-0.2704,-0.0450666666666666,-0.022535,-0.0225316666666666,-0.045065,-0.022535,-0.02253,-0.045065,-0.022535,-0.02253,-0.04507,-0.022535,-0.022535,0.02531,0.0042183333333333,0.00211,0.0021083333333333,0.00422,0.00211,0.00211,0.004215,0.00211,0.002105,0.00422,0.00211,0.00211,1.3540078411433826e-05,0.000110946745562,1.6666684396402936e-06,0.0011853022520742,-20.98336,-3.4972266666666667,-1.7486133333333331,-1.7486133333333334,-3.4972250000000003,-1.748615,-1.74861,-3.497245,-1.748625,-1.74862,-3.49721,-1.7486,-1.74861,3.80125,0.6335416666666667,0.31677,0.3167716666666667,0.63354,0.31677,0.31677,0.63354,0.31677,0.31677,0.633545,0.31677,0.316775,0.0007470428146183,1.0007930093180666e-05,0.0002045117498048,7.89214074322829e-06,-21.5,-2.39,-11.81,B1,B2,6s,s,6.0,0.7014946593833394,3d,d,3.0,0.8719034788752771,B-B,s-d
1314_CsEuHgCl,1314,CsEuHgCl,Cs2EuHgCl6,Cs+,Eu2+,Hg2+,Cl-,Cs,Eu,Hg,Cl,188.0,117.0,102.0,181.0,0.6049723756906077,0.0414364640883977,0.8980341959176521,True,,3.829359645855367,f,6,2,d,6.0,2,basisset0,"{'Eu': ' 4f 5p 5s 6s', 'Hg': ' 5d 6s', 'Cs': ' 5p 5s', 'Cl': ' 3p 3s'}",d-f,-0.25647,0.00986,0.2663299999999999,0.0,,,,0.0,0.0,,,,0.0,0.0335131052436319,4f,f,4.0,0.0225328319367705,0.810677812304677,4f,f,4.0,0.8069521280036718,0.5927470056569591,6s,s,6.0,0.5924707922360559,0.1217651314635494,6s,s,6.0,0.1214177071477452,0.3719240792208976,3p,p,3.0,0.3137535102122239,0.067058565930878,3p,p,3.0,0.0518293578396338,-1.0,1.0,True,semiconductor,7.791100490233813,11.018279979100328,2.6423800352268216,4.771055183955179,5.284760070453647,2.866759954323342,4.771055183955179,5.733519908646682,0.061983,1.29,False,,,1.01,1.98,-0.67,2.36,0.71,1.02,-0.85,0.01,True,-7.17461,-1.195768333333333,-0.6010449999999999,-0.5947233333333334,-1.199885,-0.611825,-0.58806,-1.1879300000000002,-0.577945,-0.609985,-1.19949,-0.6133649999999999,-0.586125,0.82345,0.1372416666666666,0.0685516666666666,0.06869,0.139595,0.07102,0.068575,0.13322,0.063715,0.069505,0.13891,0.07092,0.06799,2.499999687187123e-05,0.009997755975586,1.5723299919448633e-05,0.0464509077661059,-1.98206,-0.3303433333333334,-0.32858,-0.0017633333333333,-0.32868,-0.327,-0.00168,-0.33365,-0.3315,-0.00215,-0.3287,-0.32724,-0.00146,0.2188,0.0364666666666666,0.03537,0.0010966666666666,0.036,0.03493,0.00107,0.0374199999999999,0.03623,0.00119,0.03598,0.03495,0.00103,0.0,0.0150449532304773,0.0,0.0394881170018278,-48.92,-17.52,-8.28,B2,B1,6s,s,6.0,0.5924707922360559,4f,f,4.0,0.8069521280036718,B-B,s-f
1372_CsPdAgCl,1372,CsPdAgCl,Cs2PdAgCl6,Cs+,Pd2+,Ag2+,Cl-,Cs,Pd,Ag,Cl,188.0,86.0,94.0,181.0,0.4972375690607735,0.0220994475138121,0.9627608566511312,True,,3.8468392079618,d,5,2,d,5.0,2,basisset0,"{'Pd': ' 4d 5s', 'Ag': ' 4d 5s', 'Cs': ' 5p 5s', 'Cl': ' 3p 3s'}",d-d,-0.00645,0.00645,0.0129,0.0,,,,0.0,0.0,,,,0.0,0.299691866109493,4d,d,4.0,0.2984629359953851,0.2632154371319505,4d,d,4.0,0.2605301395032675,0.0809913310961968,4d,d,4.0,0.0690144288266993,0.109346512547297,4d,d,4.0,0.1050393144985756,0.6190875051003899,3p,p,3.0,0.596227866067283,0.6273762989552895,3p,p,3.0,0.613319318084347,-1.0,-1.0,False,half-metal,7.095555785859061,10.034631224936769,2.419070095741308,4.345122779201901,4.838140191482614,2.5982455167270766,4.345122779201901,5.196491033454155,0.049496,0.595,True,0.0001,0.0,-1.01,-0.73,0.02,0.67,0.64,1.01,-0.5566666666666668,-0.01,True,-12.24077,-2.040128333333333,-1.2177066666666667,-0.8224216666666667,-2.07096,-1.220765,-0.850195,-2.011315,-1.21116,-0.800155,-2.03811,-1.221195,-0.8169150000000001,1.6928299999999998,0.2821383333333333,0.1711583333333333,0.11098,0.2916649999999999,0.174365,0.1173,0.275335,0.1687199999999999,0.106615,0.279415,0.1703899999999999,0.109025,4.810289133190149e-05,0.0292359059111478,1.658312132014591e-05,0.0578794090369379,-6.9594,-1.1599,-0.5658666666666666,-0.5940333333333333,-1.15702,-0.562275,-0.5947450000000001,-1.168735,-0.57177,-0.596965,-1.153945,-0.563555,-0.59039,0.8072999999999999,0.1345499999999999,0.0649916666666666,0.0695583333333333,0.133985,0.06445,0.069535,0.1359199999999999,0.06586,0.07006,0.133745,0.064665,0.06908,4.6607032806554e-05,0.0127510992326925,6.236086005505852e-06,0.0161649944258638,-19.19,-7.81,-6.59,X,X,3p,p,3.0,0.596227866067283,3p,p,3.0,0.613319318084347,X-X,p-p
1374_CsTiAgCl,1374,CsTiAgCl,Cs2TiAgCl6,Cs+,Ti2+,Ag2+,Cl-,Cs,Ti,Ag,Cl,188.0,86.0,94.0,181.0,0.4972375690607735,0.0220994475138121,0.9627608566511312,True,,3.8468392079618,d,4,2,d,5.0,2,basisset0,"{'Ti': ' 3d 3p 3s 4s', 'Ag': ' 4d 5s', 'Cs': ' 5p 5s', 'Cl': ' 3p 3s'}",d-d,-2.5629,0.01363,2.57653,0.0,,,,0.0,0.0,,,,0.0,0.8089815832828368,3d,d,3.0,0.8077971986741109,0.8968373263004438,3d,d,3.0,0.8945168107866481,0.0,,,,0.0,0.0,,,,0.0,0.1852081431894817,3p,p,3.0,0.1848059868133606,0.096347062527546,3p,p,3.0,0.0928769225672792,1.0,1.0,False,semiconductor,7.204278549628754,10.188388431998554,2.414238844334509,4.411701602867126,4.828477688669018,2.679955371664768,4.411701602867126,5.359910743329536,0.073402,0.63,True,0.0,0.0,0.98,1.01,-0.01,1.09,0.55,1.02,-0.61,0.02,True,-18.108590000000003,-3.018098333333334,-1.4836583333333333,-1.53444,-3.007255,-1.47639,-1.530865,-3.0169550000000003,-1.48198,-1.534975,-3.030085,-1.492605,-1.53748,2.76808,0.4613466666666666,0.2295616666666666,0.231785,0.45855,0.227845,0.230705,0.4603,0.2288899999999999,0.23141,0.46519,0.23195,0.23324,8.371573624107136e-05,0.0075643658617262,3.1622756660366914e-05,0.0143926476113406,-5.65746,-0.94291,-0.47128,-0.47163,-0.9471,-0.4729299999999999,-0.47417,-0.941495,-0.4706,-0.4708949999999999,-0.940135,-0.47031,-0.469825,0.6888299999999999,0.1148049999999999,0.0573383333333333,0.0574666666666666,0.11557,0.057685,0.057885,0.114655,0.0572649999999999,0.05739,0.1141899999999999,0.057065,0.0571249999999999,0.0001645698844744,0.0073867071088438,2.409468203283267e-05,0.0120203823875268,-24.02,-10.63,-6.28,B1,B1,3d,d,3.0,0.8077971986741109,3d,d,3.0,0.8945168107866481,B-B,d-d
1400_CsCrHgCl,1400,CsCrHgCl,Cs2CrHgCl6,Cs+,Cr2+,Hg2+,Cl-,Cs,Cr,Hg,Cl,188.0,76.5,102.0,181.0,0.4930939226519337,0.0704419889502762,0.9649484999749868,True,,3.855448847540018,d,4,2,d,6.0,2,basisset0,"{'Cr': ' 3d 3p 4s', 'Hg': ' 5d 6s', 'Cs': ' 5p 5s', 'Cl': ' 3p 3s'}",d-d,-0.03318,0.03318,0.06636,0.0,,,,0.0,0.0,,,,0.0,0.1731471703186387,3d,d,3.0,0.1693386472225022,0.1447081805449646,3d,d,3.0,0.1428662964486077,0.4789912101480424,6s,s,6.0,0.4773195639214521,0.5837281181324636,6s,s,6.0,0.5834436466046112,0.3457495077930554,3p,p,3.0,0.26937384908484,0.2689291635515192,3p,p,3.0,0.183689341625172,1.0,-1.0,True,half-metal,7.2766346017151315,10.290715342178885,2.3681893454130583,4.456010454720593,4.736378690826117,2.777168325676384,4.456010454720593,5.554336651352766,0.112978,0.735,False,,,4.02,3.42,0.48,0.98,0.84,1.01,-0.64,-0.0,True,-15.436330000000002,-2.572721666666667,-1.1682233333333334,-1.4044983333333334,-2.5727800000000003,-1.168225,-1.4045550000000002,-2.572675,-1.168225,-1.4044500000000002,-2.57271,-1.1682199999999998,-1.40449,2.17826,0.3630433333333333,0.1763899999999999,0.1866533333333333,0.363045,0.17639,0.186655,0.363045,0.17639,0.186655,0.36304,0.17639,0.1866499999999999,0.0003548589707024,4.081280978074419e-05,5.296747194717377e-05,1.3772460587898844e-05,-3.1587300000000003,-0.526455,-0.12851,-0.397945,-0.526455,-0.12851,-0.397945,-0.526455,-0.12851,-0.397945,-0.526455,-0.12851,-0.397945,0.4238,0.0706333333333333,0.02086,0.0497733333333333,0.070635,0.02086,0.049775,0.07063,0.02086,0.04977,0.070635,0.02086,0.049775,9.432504528310924e-05,0.0,1.649915075942372e-05,7.078810759799433e-05,-25.39,-10.78,-7.45,B2,B2,6s,s,6.0,0.4773195639214521,6s,s,6.0,0.5834436466046112,B-B,s-s
1410_CsSmHgCl,1410,CsSmHgCl,Cs2SmHgCl6,Cs+,Sm2+,Hg2+,Cl-,Cs,Sm,Hg,Cl,188.0,122.0,102.0,181.0,0.6187845303867403,0.0552486187845303,0.8902609299817448,True,,3.856912856916786,f,6,2,d,6.0,2,basisset0,"{'Sm': ' 4f 5p 5s 6s', 'Hg': ' 5d 6s', 'Cs': ' 5p 5s', 'Cl': ' 3p 3s'}",d-f,-0.61426,0.0192,0.63346,0.0,,,,0.0,0.0,,,,0.0,0.1214805306792137,4f,f,4.0,0.1104541476702622,0.0239813048040447,4f,f,4.0,0.0152471598310598,0.5486623012345484,6s,s,6.0,0.5484560991900895,0.6629635360748922,6s,s,6.0,0.6628454804060325,0.328112442270827,3p,p,3.0,0.2712557309862475,0.3112269590096376,3p,p,3.0,0.2499301902327848,1.0,-1.0,True,semiconductor,7.813539131682991,11.050013010158985,2.6588307617660547,4.784795989473117,5.317661523532106,2.8661757433134367,4.784795989473117,5.732351486626877,0.057278,1.2,True,0.0009,0.0,6.01,5.12,0.62,2.26,0.74,1.01,-0.8366666666666666,-0.0,True,-7.0723,-1.1787166666666666,-0.5870750000000001,-0.5916416666666667,-1.19902,-0.609055,-0.589965,-1.15287,-0.5580050000000001,-0.594865,-1.18426,-0.594165,-0.590095,0.84083,0.1401383333333333,0.0746683333333333,0.06547,0.147,0.080535,0.066465,0.1306049999999999,0.0664849999999999,0.06412,0.14281,0.076985,0.065825,0.0003830870102862,0.0391527508731246,4.3748031015454814e-05,0.1169915440695506,-2.16903,-0.361505,-0.0281949999999999,-0.33331,-0.365725,-0.0337299999999999,-0.331995,-0.3559799999999999,-0.02053,-0.33545,-0.36281,-0.0303249999999999,-0.332485,0.26666,0.0444433333333333,0.00498,0.0394633333333333,0.04599,0.00603,0.03996,0.04237,0.00354,0.03883,0.04497,0.00537,0.0396,1.213349775792671e-05,0.0269567502524171,4.006172263299091e-18,0.0814520363009074,-46.69,-16.83,-8.39,B2,B2,6s,s,6.0,0.5484560991900895,6s,s,6.0,0.6628454804060325,B-B,s-s
1421_CsTlAgCl,1421,CsTlAgCl,Cs2TlAgCl6,Cs+,Tl+,Ag3+,Cl-,Cs,Tl,Ag,Cl,188.0,150.0,75.0,181.0,0.6215469613259669,0.2071823204419889,0.8853969486391206,True,,3.863314891011296,p,6,1,d,5.0,3,basisset0,"{'Tl': ' 5d 6p 6s', 'Ag': ' 4d 5s', 'Cs': ' 5p 5s', 'Cl': ' 3p 3s'}",d-p,-0.47725,0.06538,0.54263,0.0,,,,0.0,0.0,,,,0.0,0.0358842118736455,6p,p,6.0,0.0161066727013524,0.4782464770732157,6s,s,6.0,0.4578568704928955,0.3600578832296324,4d,d,4.0,0.3594386658850466,0.0405529413243606,5s,s,5.0,0.0305634587745285,0.6040216927694916,3p,p,3.0,0.5911716037538636,0.4784140858408304,3p,p,3.0,0.3914502767639775,1.0,1.0,False,semiconductor,7.405452050188058,10.472890724879592,2.624277062658085,4.534894709402076,5.248554125316169,2.612168299781711,4.534894709402076,5.224336599563422,0.003345,0.6,False,,,0.0,0.0,0.0,0.31,0.59,1.02,-0.49,0.0,True,-22.95509,-3.825848333333333,-1.9129083333333328,-1.91294,-3.827435,-1.9146,-1.912835,-3.825555,-1.91263,-1.912925,-3.824555,-1.911495,-1.91306,3.03059,0.5050983333333333,0.2525466666666666,0.2525516666666667,0.505455,0.25283,0.252625,0.50504,0.252505,0.2525349999999999,0.5048,0.252305,0.252495,0.0030146732430814,0.0007527742213164,8.827031956699905e-05,0.0012967771951995,-6.29591,-1.0493183333333334,-0.52465,-0.5246683333333333,-1.047225,-0.521945,-0.52528,-1.049145,-0.524435,-0.52471,-1.051585,-0.52757,-0.524015,0.74963,0.1249383333333333,0.0624683333333333,0.06247,0.124645,0.06221,0.062435,0.12492,0.0624499999999999,0.06247,0.12525,0.062745,0.062505,0.0004751458710837,0.0041550784556959,8.827036113701929e-05,0.0048423889118631,-14.67,-4.67,-6.08,X,X,3p,p,3.0,0.5911716037538636,3p,p,3.0,0.3914502767639775,X-X,p-p
1434_CsMnHgCl,1434,CsMnHgCl,Cs2MnHgCl6,Cs+,Mn2+,Hg2+,Cl-,Cs,Mn,Hg,Cl,188.0,75.0,102.0,181.0,0.4889502762430939,0.074585635359116,0.9675653949854844,True,,3.8646597364132265,d,4,2,d,6.0,2,basisset0,"{'Mn': ' 3d 3p 4s', 'Hg': ' 5d 6s', 'Cs': ' 5p 5s', 'Cl': ' 3p 3s'}",d-d,-1.27385,0.07279,1.3466399999999998,0.0,,,,0.0,0.0,,,,0.0,0.305259788260616,3d,d,3.0,0.3033085595024736,0.0586190693812395,4s,s,4.0,0.0529547692763212,0.0530843735323664,5d,d,5.0,0.0479431542723801,0.5777199904736771,6s,s,6.0,0.5777199904736771,0.64158107444996,3p,p,3.0,0.6357730888382976,0.3572757291177209,3p,p,3.0,0.228631749689429,1.0,1.0,False,semiconductor,7.276960041176146,10.29117558307838,2.4730818717727425,4.456209744876006,4.946163743545488,2.672505919766448,4.456209744876006,5.345011839532893,0.05509,0.6,True,0.0,0.0,5.04,4.75,0.05,1.22,1.2,1.01,-0.7400000000000001,-0.0,True,-9.23624,-1.5393733333333337,-0.594175,-0.9451983333333334,-1.5393750000000002,-0.594175,-0.9452,-1.539375,-0.594175,-0.9452,-1.53937,-0.594175,-0.945195,0.99537,0.165895,0.06552,0.100375,0.165895,0.06552,0.100375,0.165895,0.06552,0.1003749999999999,0.165895,0.06552,0.1003749999999999,0.0001478175548373,3.248074974253217e-06,4.997224825667336e-05,1.673080901511734e-16,-5.422129999999999,-0.9036883333333332,-0.4385133333333333,-0.4651749999999999,-0.903695,-0.438515,-0.46518,-0.90369,-0.438515,-0.465175,-0.90368,-0.43851,-0.46517,0.8873,0.1478833333333333,0.0730533333333333,0.07483,0.1478799999999999,0.07305,0.07483,0.147885,0.073055,0.07483,0.147885,0.073055,0.07483,0.0001221222571462,1.6598642968585657e-05,2.248453004185361e-05,3.381043615484789e-05,-34.75,-12.11,-10.49,X,B2,3p,p,3.0,0.6357730888382976,6s,s,6.0,0.5777199904736771,X-B,p-s
1503_CsVAgCl,1503,CsVAgCl,Cs2VAgCl6,Cs+,V2+,Ag2+,Cl-,Cs,V,Ag,Cl,188.0,79.0,94.0,181.0,0.4779005524861878,0.0414364640883977,0.9752192146886528,True,,3.8921986330220255,d,4,2,d,5.0,2,basisset0,"{'V': ' 3d 3p 3s 4s', 'Ag': ' 4d 5s', 'Cs': ' 5p 5s', 'Cl': ' 3p 3s'}",d-d,-2.84241,0.0152,2.85761,0.0,,,,0.0,0.0,,,,0.0,0.5003976353635267,3d,d,3.0,0.4992949505508224,0.8956692838582537,3d,d,3.0,0.8943382173558486,0.1113262622382179,4d,d,4.0,0.1108643434756544,0.0,,,,0.0,0.3838117148695655,3p,p,3.0,0.3811248696754525,0.1021270159987901,3p,p,3.0,0.1016492791006447,1.0,1.0,False,semiconductor,7.147043018835146,10.107445168100613,2.376257225600103,4.376652141466702,4.752514451200204,2.6774653584502026,4.376652141466702,5.354930716900407,0.083207,0.555,False,,,1.97,2.04,-0.01,1.17,0.56,1.02,-0.6266666666666667,0.01,True,-16.81358,-2.8022633333333338,-1.35042,-1.4518433333333334,-2.786645,-1.340785,-1.44586,-2.80133,-1.348255,-1.453075,-2.818815,-1.36222,-1.456595,2.54488,0.4241466666666666,0.2097416666666667,0.2144049999999999,0.42064,0.2075699999999999,0.2130699999999999,0.422545,0.20868,0.213865,0.429255,0.212975,0.21628,8.953573968134766e-05,0.0114800060427344,3.5197813984562827e-05,0.0203113702807204,-5.65737,-0.942895,-0.47135,-0.4715449999999999,-0.94849,-0.473715,-0.474775,-0.941155,-0.470675,-0.47048,-0.93904,-0.4696599999999999,-0.46938,0.6829899999999999,0.1138316666666666,0.0567866666666666,0.057045,0.1148,0.057235,0.057565,0.1136549999999999,0.0567099999999999,0.0569449999999999,0.11304,0.056415,0.056625,4.524615986420618e-05,0.0100223248611988,6.871830558613501e-06,0.0154614269608632,-25.7,-11.42,-6.37,B1,B1,3d,d,3.0,0.4992949505508224,3d,d,3.0,0.8943382173558486,B-B,d-d
1506_CsHgCuCl,1506,CsHgCuCl,Cs2HgCuCl6,Cs+,Hg+,Cu3+,Cl-,Cs,Hg,Cu,Cl,188.0,119.0,54.0,181.0,0.4779005524861878,0.1795580110497237,0.971831114936058,False,OL,3.8921986330220255,d,6,1,d,4.0,3,basisset0,"{'Hg': ' 5d 6s', 'Cu': ' 3d 4s', 'Cs': ' 5p 5s', 'Cl': ' 3p 3s'}",d-d,-0.29961,0.01912,0.31873,0.0,,,,0.0,0.0,,,,0.0,0.0723780991538522,5d,d,5.0,0.0602913882943633,0.072282154968621,6s,s,6.0,0.0544524312086477,0.2234832231113376,3d,d,3.0,0.2225409399079908,0.5584341166083446,3d,d,3.0,0.5564575994374329,0.7038656149849905,3p,p,3.0,0.6963672251883484,0.3690478644735162,3p,p,3.0,0.3442235490268298,1.0,1.0,False,semiconductor,7.148370995501121,10.109323210712148,2.6483177306702697,4.377465357772193,5.296635461340542,2.4063438746858044,4.377465357772193,4.812687749371606,0.066844,0.635,True,0.0,0.0,-1.01,-0.01,-0.6,1.2,1.0,1.01,-0.7033333333333333,0.0,True,-5.66618,-0.9443633333333332,-0.4788583333333334,-0.465505,-0.90221,-0.44542,-0.45679,-0.91077,-0.450325,-0.460445,-1.02011,-0.54083,-0.47928,0.8906999999999998,0.1484499999999999,0.0743483333333333,0.0741016666666666,0.1331399999999999,0.0643799999999999,0.06876,0.13631,0.0661249999999999,0.070185,0.1759,0.09254,0.08336,7.45355477211766e-05,0.1248460161872726,1.7950536947320224e-05,0.2880431121589762,-8.40798,-1.40133,-0.7930649999999999,-0.608265,-1.51078,-0.902615,-0.608165,-1.4762499999999998,-0.86816,-0.60809,-1.2169599999999998,-0.60842,-0.60854,1.00632,0.1677199999999999,0.1003716666666666,0.0673483333333333,0.188905,0.12095,0.067955,0.182855,0.114915,0.06794,0.1314,0.06525,0.06615,0.0002719889496432,0.2096722399434824,3.951095497041541e-05,0.342863105175292,-31.43,-10.29,-11.05,X,B2,3p,p,3.0,0.6963672251883484,3d,d,3.0,0.5564575994374329,X-B,p-d
1516_CsTiPdCl,1516,CsTiPdCl,Cs2TiPdCl6,Cs+,Ti2+,Pd2+,Cl-,Cs,Ti,Pd,Cl,188.0,86.0,86.0,181.0,0.4751381215469613,0.0,0.9772374616398354,True,,3.8997686914616905,d,4,2,d,5.0,2,basisset0,"{'Ti': ' 3d 3p 3s 4s', 'Pd': ' 4d 5s', 'Cs': ' 5p 5s', 'Cl': ' 3p 3s'}",d-d,-0.76306,0.01387,0.77693,0.0,,,,0.0,0.0,,,,0.0,0.0790733013054281,3d,d,3.0,0.0730578317963235,0.8690074393111565,3d,d,3.0,0.8671410792386554,0.7643567351315937,4d,d,4.0,0.763083641353393,0.0180444558765184,4d,d,4.0,0.0176320780296395,0.1564371685436317,3p,p,3.0,0.1250607476852137,0.1123811257383387,3p,p,3.0,0.1117276199231266,1.0,1.0,False,semiconductor,7.104237239649975,10.046908654628997,2.3838072546827904,4.350439062205223,4.767614509365579,2.639647072631707,4.350439062205223,5.279294145263415,0.070674,0.75,True,0.0039,0.0,0.0,0.0,0.0,1.11,-0.04,1.01,-0.52,-0.03,True,-20.11842,-3.35307,-1.6765066666666666,-1.6765633333333332,-3.35788,-1.67776,-1.68012,-3.350335,-1.67673,-1.673605,-3.350995,-1.67503,-1.675965,3.45711,0.5761850000000001,0.28809,0.288095,0.5768,0.288325,0.288475,0.57577,0.28798,0.28779,0.575985,0.287965,0.28802,0.0003951717403649,0.0022501767037372,8.180250141618017e-05,0.0017876202955647,-5.856319999999999,-0.9760533333333332,-0.48803,-0.4880233333333333,-0.9724,-0.48701,-0.48539,-0.979365,-0.488565,-0.4908,-0.976395,-0.488515,-0.48788,0.67496,0.1124933333333333,0.0562483333333333,0.0562449999999999,0.11188,0.05601,0.05587,0.1130449999999999,0.05643,0.056615,0.112555,0.056305,0.05625,0.0003565338927408,0.0071358805529753,5.421146658345987e-05,0.0103561692544742,-19.03,-9.86,-2.71,B2,B1,4d,d,4.0,0.763083641353393,3d,d,3.0,0.8671410792386554,B-B,d-d
1522_CsCoHgCl,1522,CsCoHgCl,Cs2CoHgCl6,Cs+,Co2+,Hg2+,Cl-,Cs,Co,Hg,Cl,188.0,69.75,102.0,181.0,0.4744475138121547,0.0890883977900552,0.9768040704906326,False,OL,3.901704530840876,d,4,2,d,6.0,2,basisset0,"{'Co': ' 3d 4s', 'Hg': ' 5d 6s', 'Cs': ' 5p 5s', 'Cl': ' 3p 3s'}",d-d,-1.59027,0.07111,1.66138,0.0,,,,0.0,0.0,,,,0.0,0.1493627460403241,3d,d,3.0,0.1472241694918636,0.0900898729244255,4s,s,4.0,0.0871932087084734,0.0670948280707577,5d,d,5.0,0.0645882236431815,0.548429734800548,6s,s,6.0,0.548429734800548,0.7831731813887145,3p,p,3.0,0.7794970391092583,0.3539153177692874,3p,p,3.0,0.1994560217269904,1.0,1.0,False,semiconductor,7.1498359215985,10.111394929066936,2.384695484932286,4.37836243813456,4.769390969864572,2.671001979601182,4.37836243813456,5.342003959202364,0.07909,0.675,False,,,2.97,2.69,0.04,1.12,1.2,1.01,-0.7199999999999999,0.02,True,-9.43831,-1.573051666666667,-0.6149283333333334,-0.9581233333333332,-1.572195,-0.6145,-0.957695,-1.575535,-0.615785,-0.95975,-1.571425,-0.6145,-0.956925,1.04996,0.1749933333333333,0.06692,0.1080733333333333,0.174775,0.066925,0.10785,0.17545,0.066915,0.1085349999999999,0.174755,0.06692,0.107835,0.0001909257584018,0.0026127558853225,5.5327208313105095e-05,0.0039715798697093,-5.4728,-0.9121333333333334,-0.4467066666666666,-0.4654266666666666,-0.91257,-0.447465,-0.465105,-0.910765,-0.445185,-0.46558,-0.913065,-0.44747,-0.465595,0.8884799999999999,0.14808,0.073785,0.0742949999999999,0.14823,0.07394,0.07429,0.147705,0.0734549999999999,0.07425,0.148305,0.07396,0.074345,6.159910438059492e-05,0.0025215611752667,1.31233554767185e-05,0.0040518638573745,-33.64,-12.08,-10.3,X,B2,3p,p,3.0,0.7794970391092583,6s,s,6.0,0.548429734800548,X-B,p-s
1526_CsFeHgCl,1526,CsFeHgCl,Cs2FeHgCl6,Cs+,Fe2+,Hg2+,Cl-,Cs,Fe,Hg,Cl,188.0,69.5,102.0,181.0,0.473756906077348,0.0897790055248618,0.9772471002973564,False,OL,3.9036577605160914,d,4,2,d,6.0,2,basisset0,"{'Fe': ' 3d 4s', 'Hg': ' 5d 6s', 'Cs': ' 5p 5s', 'Cl': ' 3p 3s'}",d-d,-0.89786,0.06323,0.96109,0.0,,,,0.0,0.0,,,,0.0,0.8647224050086496,3d,d,3.0,0.8638526809473397,0.0712952871348601,4s,s,4.0,0.0662237354019955,0.0,,,,0.0,0.5649803110416759,6s,s,6.0,0.5649499424684251,0.1331035061419085,3p,p,3.0,0.1328355388157121,0.3573233814394028,3p,p,3.0,0.2236206762743834,-1.0,1.0,True,semiconductor,7.258151153511545,10.26457579904995,2.402117909633644,4.444691700524105,4.804235819267289,2.730169989891332,4.444691700524105,5.4603399797826615,0.090622,0.685,True,0.0007,0.0,4.02,3.7,0.06,1.15,1.18,1.01,-0.7216666666666667,0.02,True,-9.70338,-1.61723,-0.6208216666666666,-0.9964083333333332,-1.652765,-0.62372,-1.029045,-1.583945,-0.6188199999999999,-0.965125,-1.61498,-0.6199250000000001,-0.995055,1.05025,0.1750416666666666,0.067065,0.1079766666666666,0.179475,0.067065,0.11241,0.17096,0.067185,0.103775,0.17469,0.066945,0.107745,0.0010712989779795,0.0425542439850856,7.001978253978076e-05,0.048645560580814,-4.98222,-0.8303699999999999,-0.4033,-0.42707,-0.8153900000000001,-0.39462,-0.42077,-0.844875,-0.41172,-0.433155,-0.8308450000000001,-0.40356,-0.427285,0.88353,0.147255,0.072955,0.0742999999999999,0.141855,0.0700649999999999,0.0717899999999999,0.152525,0.07578,0.076745,0.147385,0.07302,0.074365,0.0007287088554507,0.0355082673988703,9.881238581147878e-05,0.0724593392414518,-33.34,-12.23,-9.94,B1,B2,3d,d,3.0,0.8638526809473397,6s,s,6.0,0.5649499424684251,B-B,d-s
1529_CsNiHgCl,1529,CsNiHgCl,Cs2NiHgCl6,Cs+,Ni2+,Hg2+,Cl-,Cs,Ni,Hg,Cl,188.0,69.0,102.0,181.0,0.4723756906077348,0.0911602209944751,0.9781340048422108,False,OL,3.907616514662849,d,4,2,d,6.0,2,basisset0,"{'Ni': ' 3d 4s', 'Hg': ' 5d 6s', 'Cs': ' 5p 5s', 'Cl': ' 3p 3s'}",d-d,-1.487,0.0705,1.5575,0.0,,,,0.0,0.0,,,,0.0,0.1345267878049032,3d,d,3.0,0.1323434962761591,0.0759302424225286,4s,s,4.0,0.0729489422039807,0.0612566801777795,5d,d,5.0,0.0585674960762359,0.5565376520442912,6s,s,6.0,0.5565376520442912,0.8036656567286374,3p,p,3.0,0.7997417296723488,0.3600586564758446,3p,p,3.0,0.2118177447958536,1.0,1.0,False,semiconductor,7.107736485671997,10.051857335811418,2.3325285305374788,4.352581904014827,4.665057061074954,2.69340013736823,4.352581904014827,5.386800274736463,0.099688,0.675,True,0.0,0.0,1.98,1.62,0.06,1.05,1.2,1.01,-0.71,0.01,True,-9.72743,-1.6212383333333331,-0.6340316666666665,-0.9872066666666668,-1.6217,-0.6340349999999999,-0.987665,-1.62097,-0.634035,-0.986935,-1.6210449999999998,-0.634025,-0.98702,1.08784,0.1813066666666666,0.0680399999999999,0.1132666666666666,0.181315,0.0680399999999999,0.113275,0.1813,0.0680399999999999,0.11326,0.181305,0.06804,0.113265,0.0001956540461812,0.0004502730937153,3.17104753706933e-05,8.273275481696759e-05,-5.29684,-0.8828066666666666,-0.4309116666666666,-0.451895,-0.88252,-0.43091,-0.4516099999999999,-0.88298,-0.430915,-0.452065,-0.8829199999999999,-0.43091,-0.45201,0.88367,0.1472783333333333,0.073435,0.0738433333333333,0.147235,0.0734249999999999,0.07381,0.1473,0.07344,0.07386,0.1473,0.07344,0.07386,0.000196779644375,0.0005210653899306,2.87228155388932e-05,0.0004413412246653,-32.44,-12.02,-10.01,X,B2,3p,p,3.0,0.7997417296723488,6s,s,6.0,0.5565376520442912,X-B,p-s
1534_CsNdHgCl,1534,CsNdHgCl,Cs2NdHgCl6,Cs+,Nd2+,Hg2+,Cl-,Cs,Nd,Hg,Cl,188.0,129.0,102.0,181.0,0.638121546961326,0.074585635359116,0.8795523723245415,True,,3.9082347771896058,f,6,2,d,6.0,2,basisset0,"{'Nd': ' 4f 5p 5s 6s', 'Hg': ' 5d 6s', 'Cs': ' 5p 5s', 'Cl': ' 3p 3s'}",d-f,-0.52129,0.01798,0.53927,0.0,,,,0.0,0.0,,,,0.0,0.0526002226872244,4f,f,4.0,0.0395638605415825,0.0339953428364161,4f,f,4.0,0.0222225368150082,0.583854593041213,6s,s,6.0,0.5835957022760775,0.6633589467127435,6s,s,6.0,0.6632418671813065,0.3617530746994769,3p,p,3.0,0.3029482786794421,0.3007062459251732,3p,p,3.0,0.2367636041824175,1.0,-1.0,True,semiconductor,7.862488634451208,11.119238060845214,2.6938997230076165,4.814771315709388,5.387799446015234,2.8657193074149907,4.814771315709388,5.73143861482998,0.047464,1.27,True,0.0,0.0,3.99,3.03,0.66,2.33,0.71,1.02,-0.8433333333333333,0.02,True,-7.02841,-1.171401666666667,-0.5766333333333332,-0.5947683333333333,-1.17085,-0.5761799999999999,-0.59467,-1.17252,-0.5775950000000001,-0.5949249999999999,-1.1708349999999998,-0.576125,-0.5947100000000001,0.85668,0.14278,0.0733883333333333,0.0693916666666666,0.142615,0.073275,0.06934,0.1431,0.073615,0.0694849999999999,0.142625,0.073275,0.06935,0.000346959016933,0.0014384476716641,4.262237352791926e-05,0.0033968342905169,-2.02197,-0.336995,-0.00552,-0.331475,-0.336945,-0.005445,-0.3315,-0.3371,-0.0056749999999999,-0.3314249999999999,-0.33694,-0.00544,-0.3315,0.22789,0.0379816666666666,0.0017,0.0362816666666666,0.037965,0.00169,0.036275,0.03801,0.00172,0.03629,0.03797,0.00169,0.03628,9.57426759171618e-06,0.0004747844923514,1.666666059858592e-06,0.0011847821317303,-47.47,-16.97,-8.37,B2,B2,6s,s,6.0,0.5835957022760775,6s,s,6.0,0.6632418671813065,B-B,s-s
1538_CsCrAgCl,1538,CsCrAgCl,Cs2CrAgCl6,Cs+,Cr2+,Ag2+,Cl-,Cs,Cr,Ag,Cl,188.0,76.5,94.0,181.0,0.4709944751381215,0.048342541436464,0.9797257449842902,True,,3.911645205663265,d,4,2,d,5.0,2,basisset0,"{'Cr': ' 3d 3p 4s', 'Ag': ' 4d 5s', 'Cs': ' 5p 5s', 'Cl': ' 3p 3s'}",d-d,-2.57892,0.02252,2.60144,0.0,,,,0.0,0.0,,,,0.0,0.0542255135505658,3d,d,3.0,0.0520727649112342,0.6232139303143805,3d,d,3.0,0.6223887392684153,0.2908217051592452,4d,d,4.0,0.2895487900741393,0.1012004270193424,5s,s,5.0,0.0947418987503586,0.6501364452901182,3p,p,3.0,0.6411779499326201,0.274397379941048,3p,p,3.0,0.208289858104902,1.0,1.0,False,semiconductor,7.1093331445525285,10.05411535245475,2.354009377473432,4.353559653902474,4.708018754946862,2.673048298753943,4.353559653902474,5.346096597507887,0.088132,0.54,True,0.0001,0.0,3.02,3.11,-0.03,0.97,0.57,1.02,-0.6,-0.02,True,-17.03281,-2.838801666666667,-1.3108499999999998,-1.5279516666666666,-2.83647,-1.30931,-1.52716,-2.8407,-1.312345,-1.528355,-2.839235,-1.310895,-1.52834,2.50565,0.4176083333333333,0.2017816666666666,0.2158266666666666,0.417455,0.20168,0.215775,0.417745,0.201875,0.21587,0.417625,0.20179,0.215835,0.0002817454612766,0.0014900653503444,5.722759746982866e-05,0.0006944305868736,-5.73977,-0.9566283333333332,-0.48074,-0.4758883333333333,-0.95756,-0.48139,-0.47617,-0.95549,-0.47989,-0.4756,-0.956835,-0.48094,-0.475895,0.68962,0.1149366666666666,0.0574033333333333,0.0575333333333333,0.115075,0.057485,0.05759,0.114755,0.05729,0.057465,0.11498,0.057435,0.057545,0.0002357787144976,0.0021638497709837,3.341654338696336e-05,0.0027841419912416,-22.73,-10.2,-6.18,X,B1,3p,p,3.0,0.6411779499326201,3d,d,3.0,0.6223887392684153,X-B,p-d
1558_CsMnAgCl,1558,CsMnAgCl,Cs2MnAgCl6,Cs+,Mn2+,Ag2+,Cl-,Cs,Mn,Ag,Cl,188.0,75.0,94.0,181.0,0.4668508287292817,0.0524861878453038,0.9824441670913002,True,,3.924153512908125,d,4,2,d,5.0,2,basisset0,"{'Mn': ' 3d 3p 4s', 'Ag': ' 4d 5s', 'Cs': ' 5p 5s', 'Cl': ' 3p 3s'}",d-d,-0.01235,0.01235,0.0247,0.0,,,,0.0,0.0,,,,0.0,0.2887212571148695,3d,d,3.0,0.286124218381822,0.250972504159771,3d,d,3.0,0.2476646912543744,0.108544620751646,4d,d,4.0,0.0946409962511672,0.1377398492779031,4d,d,4.0,0.1335805260912363,0.6024109770126788,3p,p,3.0,0.5885202783170324,0.6112173342652574,3p,p,3.0,0.6039768097803063,1.0,1.0,False,half-metal,7.111579168917256,10.057291710572768,2.391383866902622,4.354935057313334,4.782767733805244,2.637261988383762,4.354935057313334,5.274523976767524,0.067922,0.555,False,,,3.97,4.36,-0.11,1.23,0.63,1.01,-0.65,-0.02,True,-12.04547,-2.007578333333333,-0.8135633333333332,-1.1940149999999998,-2.03105,-0.8347800000000001,-1.19627,-1.977745,-0.78837,-1.189375,-2.01394,-0.8175399999999999,-1.1964,1.4788599999999998,0.2464766666666666,0.101275,0.1452016666666666,0.2537399999999999,0.106395,0.147345,0.23856,0.09573,0.14283,0.24713,0.1017,0.14543,0.0001445012760693,0.0265518904617254,6.368334033731353e-05,0.0615879799304868,-6.39133,-1.0652216666666667,-0.5668216666666667,-0.4984,-1.06323,-0.5680499999999999,-0.49518,-1.071425,-0.56774,-0.5036849999999999,-1.06101,-0.564675,-0.4963349999999999,0.7626000000000001,0.1271,0.0672416666666666,0.0598583333333333,0.12621,0.067095,0.059115,0.12857,0.06767,0.0608999999999999,0.12652,0.0669599999999999,0.05956,0.0001349589580996,0.0097773076965201,2.3333353499004257e-05,0.0185680566483082,-27.42,-11.73,-7.06,X,X,3p,p,3.0,0.5885202783170324,3p,p,3.0,0.6039768097803063,X-X,p-p
1579_CsCuAgCl,1579,CsCuAgCl,Cs2CuAgCl6,Cs+,Cu2+,Ag2+,Cl-,Cs,Cu,Ag,Cl,188.0,73.0,94.0,181.0,0.4613259668508287,0.0580110497237569,0.98608569526291,False,OL,3.941826768521392,d,4,2,d,5.0,2,basisset0,"{'Cu': ' 3d 4s', 'Ag': ' 4d 5s', 'Cs': ' 5p 5s', 'Cl': ' 3p 3s'}",d-d,-0.00636,0.00636,0.01272,0.0,,,,0.0,0.0,,,,0.0,0.0714688852698068,3d,d,3.0,0.0644697564870968,0.1093680308324559,3d,d,3.0,0.1056091969336249,0.2444999059343704,4d,d,4.0,0.2408995742420046,0.2179074902835482,4d,d,4.0,0.2141528305478475,0.6821830008469943,3p,p,3.0,0.6712557236715146,0.6723530653271309,3p,p,3.0,0.6656373586208774,1.0,1.0,False,metallic,7.01552993762547,9.921457585024411,2.394489272188681,4.2961171556004745,4.788978544377364,2.566239520323525,4.2961171556004745,5.132479040647049,0.047445,0.58,True,0.0001,0.0,0.05,0.33,-0.12,0.92,0.72,1.01,-0.61,0.0,True,-8.932640000000001,-1.4887733333333335,-0.69281,-0.7959633333333334,-1.54376,-0.6793,-0.86446,-1.56236,-0.669315,-0.893045,-1.3602,-0.729815,-0.630385,1.09952,0.1832533333333333,0.08019,0.1030633333333333,0.197575,0.08018,0.117395,0.20198,0.079015,0.1229649999999999,0.1502049999999999,0.081375,0.06883,9.29754743989185e-05,0.1357896433753066,1.810462828278909e-05,0.2825323777648429,-7.51023,-1.251705,-0.6640783333333334,-0.5876266666666666,-1.235285,-0.660425,-0.5748599999999999,-1.22307,-0.64732,-0.57575,-1.29676,-0.68449,-0.61227,0.88495,0.1474916666666666,0.078195,0.0692966666666666,0.14335,0.076715,0.066635,0.140865,0.07449,0.0663749999999999,0.15826,0.08338,0.07488,8.60393824538903e-05,0.0588716990025603,1.258305531437546e-05,0.1179388666026328,-23.9,-9.71,-7.54,X,X,3p,p,3.0,0.6712557236715146,3p,p,3.0,0.6656373586208774,X-X,p-p
1585_CsTlAuCl,1585,CsTlAuCl,Cs2TlAuCl6,Cs+,Tl+,Au3+,Cl-,Cs,Tl,Au,Cl,188.0,150.0,85.0,181.0,0.649171270718232,0.1795580110497237,0.871532850659316,True,,3.944654564290003,p,6,1,d,6.0,3,basisset0,"{'Tl': ' 5d 6p 6s', 'Au': ' 5d 6s', 'Cs': ' 5p 5s', 'Cl': ' 3p 3s'}",d-p,-0.00656,0.00656,0.01312,0.0,,,,0.0,0.0,,,,0.0,0.0502880403133125,6p,p,6.0,0.0371851542829334,0.1542960236826323,6s,s,6.0,0.1194462797987955,0.4054325676168317,5d,d,5.0,0.4036244674740837,0.3125415171340525,5d,d,5.0,0.2863723786795308,0.5441657182267713,3p,p,3.0,0.5188920890473471,0.5323878864484884,3p,p,3.0,0.497157240038459,1.0,1.0,False,metallic,7.43554893006364,10.515454140584756,2.719074967033356,4.55332520903833,5.438149934066709,2.5386521032590217,4.55332520903833,5.077304206518048,0.049841,0.98,False,,,0.0,0.0,0.0,0.14,0.72,1.02,-0.48,0.02,True,-18.68566,-3.1142766666666666,-1.5571716666666664,-1.557105,-3.1151,-1.560585,-1.554515,-3.115655,-1.55385,-1.561805,-3.112075,-1.55708,-1.554995,2.4414300000000004,0.406905,0.203455,0.20345,0.40724,0.20416,0.2030799999999999,0.40747,0.203065,0.204405,0.406005,0.20314,0.202865,8.953599093884085e-05,0.0011495446240592,1.9790603480525577e-05,0.0036003489758051,-8.31421,-1.3857016666666666,-0.6929866666666666,-0.6927150000000001,-1.3842849999999998,-0.72847,-0.655815,-1.38313,-0.6506350000000001,-0.732495,-1.38969,-0.699855,-0.689835,1.01359,0.1689316666666666,0.0844833333333333,0.0844483333333333,0.168655,0.08759,0.081065,0.168435,0.08054,0.087895,0.169705,0.08532,0.084385,5.8902048625379e-05,0.0047340637294464,9.860142759392612e-06,0.0075178326542289,-14.8,-3.42,-7.05,X,X,3p,p,3.0,0.5188920890473471,3p,p,3.0,0.497157240038459,X-X,p-p
1604_CsCuTlCl,1604,CsCuTlCl,Cs2CuTlCl6,Cs+,Cu+,Tl3+,Cl-,Cs,Cu,Tl,Cl,188.0,77.0,88.5,181.0,0.457182320441989,0.0317679558011049,0.9891617247239624,True,,3.955838636383577,d,4,1,p,6.0,3,basisset0,"{'Cu': ' 3d 4s', 'Tl': ' 5d 6p 6s', 'Cs': ' 5p 5s', 'Cl': ' 3p 3s'}",d-p,-0.00639,0.00639,0.01278,0.0,,,,0.0,0.0,,,,0.0,0.4856024765662314,3d,d,3.0,0.4785280912215863,0.4201263315531294,3d,d,3.0,0.4038001862334446,0.1034810657943038,6s,s,6.0,0.0773873811232116,0.146124456419134,6s,s,6.0,0.1244301800576619,0.4105202143296763,3p,p,3.0,0.381392611534901,0.4331261939579726,3p,p,3.0,0.4026191078074052,1.0,1.0,False,metallic,7.236384714712135,10.23379340609526,2.411749183874208,4.431362533380087,4.823498367748414,2.7051475191734227,4.431362533380087,5.410295038346847,0.081049,0.855,True,0.0004,0.0,-0.06,-0.15,0.09,0.71,0.21,1.03,-0.4966666666666667,0.0,True,-7.862639999999999,-1.3104399999999998,-0.6812716666666666,-0.6291683333333333,-1.327325,-0.701255,-0.62607,-1.2680749999999998,-0.6372899999999999,-0.6307849999999999,-1.3359199999999998,-0.70527,-0.6306499999999999,0.8933599999999999,0.1488933333333333,0.07778,0.0711133333333333,0.152055,0.080805,0.07125,0.141445,0.0712049999999999,0.07024,0.15318,0.08133,0.07185,7.940749436368654e-05,0.0517726870364152,1.5456024214481422e-05,0.0788148114981644,-19.80766,-3.301276666666667,-1.609276666666667,-1.6920000000000002,-3.30443,-1.61615,-1.68828,-3.30344,-1.60037,-1.70307,-3.29596,-1.61131,-1.68465,2.65564,0.4426066666666666,0.2157033333333333,0.2269033333333333,0.4424249999999999,0.216515,0.22591,0.444865,0.215125,0.22974,0.44053,0.21547,0.2250599999999999,0.0001015982525002,0.0025656740877014,1.7795115498174113e-05,0.0097942492205269,-15.79,-7.61,-3.67,B1,X,3d,d,3.0,0.4785280912215863,3p,p,3.0,0.4026191078074052,B-X,d-p
1608_CsVPdCl,1608,CsVPdCl,Cs2VPdCl6,Cs+,V2+,Pd2+,Cl-,Cs,V,Pd,Cl,188.0,79.0,86.0,181.0,0.4558011049723757,0.0193370165745856,0.990174171993727,True,,3.960655102688545,d,4,2,d,5.0,2,basisset0,"{'V': ' 3d 3p 3s 4s', 'Pd': ' 4d 5s', 'Cs': ' 5p 5s', 'Cl': ' 3p 3s'}",d-d,-1.11122,0.03044,1.14166,0.0,,,,0.0,0.0,,,,0.0,0.0952663921219553,3d,d,3.0,0.0892609055865707,0.5881866107924455,3d,d,3.0,0.5855772564652751,0.6454029950841614,4d,d,4.0,0.6446458644095342,0.3037622355017707,4d,d,4.0,0.3016098116456928,0.2590117324431334,3p,p,3.0,0.2270945554028923,0.1075330081333623,3p,p,3.0,0.0891523736034274,1.0,1.0,False,semiconductor,7.0288358983275865,9.94027505510975,2.377038809083232,4.304265359164902,4.754077618166459,2.5930987184716434,4.304265359164902,5.18619743694329,0.059685,0.6,True,0.0004,0.0,1.0,2.01,-0.85,1.14,0.45,1.01,-0.6066666666666666,-0.03,True,-16.89841,-2.8164016666666662,-1.3475333333333337,-1.4688683333333332,-2.783405,-1.31665,-1.466755,-2.840195,-1.366155,-1.47404,-2.825605,-1.359795,-1.4658099999999998,2.50763,0.4179383333333333,0.204175,0.2137633333333333,0.3931599999999999,0.188155,0.205005,0.430955,0.2125,0.218455,0.4297,0.21187,0.21783,6.902089698505601e-05,0.0201640272664706,1.384436632163234e-05,0.0904320015313264,-7.02374,-1.1706233333333331,-0.6828183333333334,-0.487805,-1.33967,-0.86208,-0.4775899999999999,-1.081725,-0.5909500000000001,-0.4907749999999999,-1.090475,-0.595425,-0.49505,0.8149,0.1358166666666666,0.0789666666666666,0.0568499999999999,0.15645,0.100305,0.056145,0.1248,0.06794,0.0568599999999999,0.1262,0.068655,0.057545,0.0001430034228204,0.2203484183640054,2.1081840211608832e-05,0.2330347281875077,-24.04,-10.85,-5.98,B2,B1,4d,d,4.0,0.6446458644095342,3d,d,3.0,0.5855772564652751,B-B,d-d
1626_CsCoAgCl,1626,CsCoAgCl,Cs2CoAgCl6,Cs+,Co2+,Ag2+,Cl-,Cs,Co,Ag,Cl,188.0,69.75,94.0,181.0,0.4523480662983425,0.066988950276243,0.9920446457750006,False,OL,3.973018437095204,d,4,2,d,5.0,2,basisset0,"{'Co': ' 3d 4s', 'Ag': ' 4d 5s', 'Cs': ' 5p 5s', 'Cl': ' 3p 3s'}",d-d,-0.00651,0.00651,0.01302,0.0,,,,0.0,0.0,,,,0.0,0.0960873243910742,3d,d,3.0,0.0909375838657011,0.1214143839056283,3d,d,3.0,0.1181340062381388,0.216084335039843,4d,d,4.0,0.2093093556269678,0.2024389306959935,4d,d,4.0,0.1983456093892703,0.6857803169595684,3p,p,3.0,0.6755587498504884,0.6756814691089733,3p,p,3.0,0.6695553313869915,1.0,1.0,False,half-metal,7.008171332093058,9.911050945280325,2.329891474213128,4.291610948407267,4.659782948426253,2.625633998427034,4.291610948407267,5.251267996854069,0.081697,0.635,False,,,1.99,2.44,-0.15,1.08,0.67,1.01,-0.63,-0.01,True,-11.3143,-1.885716666666667,-0.7662733333333333,-1.1194433333333331,-1.873075,-0.7514149999999999,-1.12166,-1.88152,-0.759135,-1.122385,-1.902555,-0.78827,-1.114285,1.40173,0.2336216666666667,0.0924666666666666,0.141155,0.228735,0.08892,0.139815,0.231015,0.090535,0.14048,0.241115,0.097945,0.14317,9.675291203608713e-05,0.0156333135943009,1.7873023026187666e-05,0.0529916603054796,-6.697259999999999,-1.11621,-0.607135,-0.509075,-1.11791,-0.60714,-0.51077,-1.11538,-0.6071,-0.5082800000000001,-1.11534,-0.607165,-0.508175,0.8003,0.1333833333333333,0.0723383333333333,0.0610449999999999,0.1341399999999999,0.072485,0.061655,0.13356,0.07241,0.0611499999999999,0.13245,0.07212,0.06033,4.082488577863973e-05,0.0023024341297784,7.453570282846763e-06,0.0126702486567534,-25.87,-11.16,-7.09,X,X,3p,p,3.0,0.6755587498504884,3p,p,3.0,0.6695553313869915,X-X,p-p
1627_CsFeAgCl,1627,CsFeAgCl,Cs2FeAgCl6,Cs+,Fe2+,Ag2+,Cl-,Cs,Fe,Ag,Cl,188.0,69.5,94.0,181.0,0.4516574585635359,0.0676795580110497,0.992505157655491,False,OL,3.975546676049744,d,4,2,d,5.0,2,basisset0,"{'Fe': ' 3d 4s', 'Ag': ' 4d 5s', 'Cs': ' 5p 5s', 'Cl': ' 3p 3s'}",d-d,-1.57486,0.01286,1.58772,0.0,,,,0.0,0.0,,,,0.0,0.0416605188228541,3d,d,3.0,0.0396518070305783,0.8664679542454607,3d,d,3.0,0.8643384530686893,0.3234864763404548,4d,d,4.0,0.3217732965536942,0.0247131972801087,5s,s,5.0,0.0212068043000571,0.6344260381726661,3p,p,3.0,0.6299732862758349,0.107961817703931,3p,p,3.0,0.0971866617386987,1.0,-1.0,True,semiconductor,7.133238710281774,10.08792292772525,2.388557088209785,4.368198763414778,4.777114176419571,2.6554043756528403,4.368198763414778,5.31080875130568,0.073715,0.66,True,0.0001,0.0,5.02,4.12,0.06,1.48,0.56,1.01,-0.68,-0.02,True,-11.592020000000002,-1.9320033333333333,-0.6473266666666666,-1.284676666666667,-1.93291,-0.647025,-1.285885,-1.931195,-0.6476500000000001,-1.2835450000000002,-1.931905,-0.647305,-1.2846000000000002,1.43219,0.2386983333333333,0.06982,0.1688783333333333,0.23873,0.069805,0.168925,0.23867,0.069835,0.168835,0.238695,0.06982,0.168875,0.0004623905227153,0.000887679627882,0.0001021027555551,0.0002513632967693,-5.833589999999999,-0.9722649999999998,-0.4706583333333334,-0.5016066666666666,-0.971495,-0.47101,-0.5004850000000001,-0.97297,-0.470295,-0.502675,-0.97233,-0.47067,-0.50166,0.69082,0.1151366666666666,0.0574816666666666,0.057655,0.115025,0.057475,0.05755,0.11524,0.057485,0.057755,0.115145,0.057485,0.05766,0.0002967280390474,0.0015170761057942,3.8944472699001535e-05,0.0018673460525173,-31.19,-13.36,-6.86,X,B1,3p,p,3.0,0.6299732862758349,3d,d,3.0,0.8643384530686893,X-B,p-d
1640_CsNiAgCl,1640,CsNiAgCl,Cs2NiAgCl6,Cs+,Ni2+,Ag2+,Cl-,Cs,Ni,Ag,Cl,188.0,69.0,94.0,181.0,0.4502762430939226,0.0690607734806629,0.9934270960888314,False,OL,3.980659078176968,d,4,2,d,5.0,2,basisset0,"{'Ni': ' 3d 4s', 'Ag': ' 4d 5s', 'Cs': ' 5p 5s', 'Cl': ' 3p 3s'}",d-d,-0.00648,0.00648,0.01296,0.0,,,,0.0,0.0,,,,0.0,0.0724272674442955,3d,d,3.0,0.065835756879293,0.0935018930627673,3d,d,3.0,0.0910040920750728,0.2271274305264701,4d,d,4.0,0.2225819730063662,0.2193333195886867,4d,d,4.0,0.2150820531795066,0.6977878544354164,3p,p,3.0,0.6878535519454683,0.6865841284899927,3p,p,3.0,0.6810614560396627,1.0,1.0,False,half-metal,6.97944712534753,9.870428782532388,2.317655582426127,4.274021035959078,4.6353111648522525,2.6175588088400668,4.274021035959078,5.235117617680136,0.082846,0.625,True,0.0,0.0,1.03,1.43,-0.16,1.01,0.69,1.01,-0.62,-0.0,True,-10.82757,-1.804595,-0.7368083333333333,-1.0677866666666669,-1.809215,-0.739385,-1.06983,-1.795445,-0.729705,-1.06574,-1.809125,-0.7413350000000001,-1.06779,1.37464,0.2291066666666666,0.0898266666666666,0.13928,0.229335,0.0899399999999999,0.139395,0.226595,0.088195,0.1384,0.2313899999999999,0.091345,0.140045,4.792925610055316e-05,0.0076305209756206,9.128692141065935e-06,0.020929115986731,-6.875039999999999,-1.14584,-0.6268583333333334,-0.5189816666666666,-1.138505,-0.621345,-0.51716,-1.14196,-0.6185700000000001,-0.52339,-1.1570550000000002,-0.64066,-0.5163949999999999,0.8213,0.1368833333333333,0.0749116666666666,0.0619716666666666,0.13572,0.07404,0.06168,0.136045,0.073465,0.06258,0.1388849999999999,0.07723,0.061655,2.1213193340439224e-05,0.0161889967185648,4.0824809618292674e-06,0.0231218799464262,-25.2,-10.84,-7.15,X,X,3p,p,3.0,0.6878535519454683,3p,p,3.0,0.6810614560396627,X-X,p-p
1647_CsCrPdCl,1647,CsCrPdCl,Cs2CrPdCl6,Cs+,Cr2+,Pd2+,Cl-,Cs,Cr,Pd,Cl,188.0,76.5,86.0,181.0,0.4488950276243094,0.0262430939226519,0.9948560731904889,True,,3.985846346959997,d,4,2,d,5.0,2,basisset0,"{'Cr': ' 3d 3p 4s', 'Pd': ' 4d 5s', 'Cs': ' 5p 5s', 'Cl': ' 3p 3s'}",d-d,-0.93639,0.03385,0.97024,0.0,,,,0.0,0.0,,,,0.0,0.064478590961101,3d,d,3.0,0.059053350633662,0.628701292289463,3d,d,3.0,0.6269478455670892,0.6247002798233442,4d,d,4.0,0.6241393123791493,0.0782169923104457,5s,s,5.0,0.0565075784692479,0.3105556808832271,3p,p,3.0,0.27663218589921,0.2925268044121337,3p,p,3.0,0.2397115182858342,-1.0,1.0,True,semiconductor,6.9908955124107885,9.886619246784544,2.387196552222321,4.281031712629794,4.774393104444645,2.5561130711699507,4.281031712629794,5.112226142339899,0.046662,0.595,True,0.0,0.0,4.01,3.28,0.71,0.96,0.46,1.01,-0.5733333333333334,-0.0,True,-15.989620000000002,-2.664936666666667,-1.23067,-1.4342666666666666,-2.68123,-1.2338,-1.44743,-2.66874,-1.24711,-1.42163,-2.6448400000000003,-1.2111,-1.43374,2.31244,0.3854066666666666,0.1882699999999999,0.1971366666666666,0.39215,0.19073,0.20142,0.373075,0.18485,0.188225,0.390995,0.18923,0.201765,0.0002420740014654,0.0136551087518027,1.3540043464902336e-05,0.0494931760391621,-7.722239999999999,-1.28704,-0.5502933333333333,-0.7367466666666665,-1.200815,-0.555695,-0.6451199999999999,-1.4730599999999998,-0.52092,-0.95214,-1.187245,-0.574265,-0.6129800000000001,0.90911,0.1515183333333333,0.064005,0.0875133333333333,0.13903,0.06326,0.07577,0.17864,0.063665,0.114975,0.136885,0.06509,0.071795,6.032327960378615e-05,0.2220715750870213,9.574283145424975e-06,0.2755772128785294,-21.47,-9.57,-5.95,B2,B1,4d,d,4.0,0.6241393123791493,3d,d,3.0,0.6269478455670892,B-B,d-d
1659_CsCuAuCl,1659,CsCuAuCl,Cs2CuAuCl6,Cs+,Cu+,Au3+,Cl-,Cs,Cu,Au,Cl,188.0,77.0,85.0,181.0,0.4475138121546961,0.0220994475138121,0.9958290045974172,True,,3.991108850081727,d,4,1,d,6.0,3,basisset0,"{'Cu': ' 3d 4s', 'Au': ' 5d 6s', 'Cs': ' 5p 5s', 'Cl': ' 3p 3s'}",d-d,-0.00641,0.00641,0.01282,0.0,,,,0.0,0.0,,,,0.0,0.1288258028447103,3d,d,3.0,0.1191800780044035,0.159384945136938,3d,d,3.0,0.1548955665560051,0.2796353484323485,5d,d,5.0,0.2750546464281007,0.2488802828960477,5d,d,5.0,0.2433674876672184,0.5908313864667932,3p,p,3.0,0.5752552746740452,0.5915708817498759,3p,p,3.0,0.5823178349128203,1.0,1.0,False,metallic,7.016132950703201,9.92231037429723,2.4122553809426552,4.296486424187641,4.824510761885312,2.54889980620596,4.296486424187641,5.097799612411917,0.037747,0.67,True,0.005,0.0,-0.02,0.0,0.0,0.74,0.77,1.01,-0.59,-0.01,True,-8.16034,-1.3600566666666667,-0.6801183333333333,-0.6799383333333333,-1.355925,-0.66638,-0.6895450000000001,-1.36034,-0.688855,-0.671485,-1.363905,-0.68512,-0.678785,0.96292,0.1604866666666666,0.0802666666666666,0.08022,0.159515,0.077825,0.08169,0.1606199999999999,0.081765,0.078855,0.161325,0.08121,0.0801149999999999,0.0002251538524959,0.0058674025837157,4.301154694129335e-05,0.0112781954887216,-8.7203,-1.4533833333333332,-0.7257383333333333,-0.727645,-1.458115,-0.698685,-0.75943,-1.45296,-0.747065,-0.7058949999999999,-1.449075,-0.731465,-0.7176100000000001,1.12728,0.18788,0.0937983333333333,0.0940816666666666,0.18896,0.090585,0.098375,0.18774,0.096485,0.091255,0.18694,0.0943249999999999,0.092615,0.0001242085889695,0.0062199694964622,1.91485395462026e-05,0.0107515435384289,-22.01,-8.46,-7.76,X,X,3p,p,3.0,0.5752552746740452,3p,p,3.0,0.5823178349128203,X-X,p-p
1673_CsMnPdCl,1673,CsMnPdCl,Cs2MnPdCl6,Cs+,Mn2+,Pd2+,Cl-,Cs,Mn,Pd,Cl,188.0,75.0,86.0,181.0,0.4447513812154696,0.0303867403314917,0.997680884233782,True,,4.001861067333442,d,4,2,d,5.0,2,basisset0,"{'Mn': ' 3d 3p 4s', 'Pd': ' 4d 5s', 'Cs': ' 5p 5s', 'Cl': ' 3p 3s'}",d-d,-1.4969,0.02454,1.52144,0.0,,,,0.0,0.0,,,,0.0,0.3622599042604753,3d,d,3.0,0.3607146730100978,0.055723371780359,4s,s,4.0,0.0392319433254807,0.0751801241686181,4d,d,4.0,0.0638067479260704,0.6545057126637228,4d,d,4.0,0.6491370665361303,0.5610724394925383,3p,p,3.0,0.5428772822393728,0.2893191375084559,3p,p,3.0,0.2382481617834525,1.0,1.0,False,semiconductor,7.015318185436127,9.921158122206382,2.4274361808244924,4.295987484396522,4.854872361648986,2.5331428802786986,4.295987484396522,5.066285760557397,0.029201,0.585,True,0.0001,0.0,3.03,4.6,-1.17,1.16,0.69,1.01,-0.64,0.03,True,-10.808,-1.8013333333333332,-0.6996950000000001,-1.1016383333333335,-1.8008700000000002,-0.699235,-1.101635,-1.80337,-0.69902,-1.10435,-1.79976,-0.7008300000000001,-1.0989300000000002,1.18123,0.1968716666666666,0.076455,0.1204166666666666,0.196805,0.076415,0.12039,0.1969,0.076405,0.1204949999999999,0.19691,0.076545,0.120365,0.000674338228169,0.0020040710584751,9.35264532556588e-05,0.0005333423634685,-9.25027,-1.5417116666666668,-1.00835,-0.5333616666666666,-1.542205,-1.00856,-0.5336449999999999,-1.53938,-1.0088,-0.53058,-1.54355,-1.00769,-0.53586,1.15286,0.1921433333333333,0.1297566666666667,0.0623866666666666,0.19219,0.12977,0.06242,0.19157,0.12957,0.062,0.19267,0.12993,0.0627399999999999,0.0005124591834734,0.002704785914357,5.385170198546763e-05,0.0057248928751105,-27.06,-10.98,-7.87,X,B2,3p,p,3.0,0.5428772822393728,4d,d,4.0,0.6491370665361303,X-B,p-d
1699_CsTiCuCl,1699,CsTiCuCl,Cs2TiCuCl6,Cs+,Ti2+,Cu2+,Cl-,Cs,Ti,Cu,Cl,188.0,86.0,73.0,181.0,0.4392265193370165,0.0359116022099447,1.001465639022276,False,SL,4.024285327367787,d,4,2,d,4.0,2,basisset0,"{'Ti': ' 3d 3p 3s 4s', 'Cu': ' 3d 4s', 'Cs': ' 5p 5s', 'Cl': ' 3p 3s'}",d-d,-2.44492,0.01374,2.45866,0.0,,,,0.0,0.0,,,,0.0,0.3975213550545736,3d,d,3.0,0.3960726084697804,0.8977038966062235,3d,d,3.0,0.8965334251231678,0.3955758818367841,3d,d,3.0,0.395379124287641,0.0,,,,0.0,0.205684839962641,3p,p,3.0,0.1990537523239492,0.0951470451587169,3p,p,3.0,0.0923208953025174,1.0,1.0,False,semiconductor,7.004389379385641,9.90570245646924,2.432760425744849,4.289294984816139,4.865520851489699,2.5200908024897704,4.289294984816139,5.04018160497954,0.024124,0.65,True,0.0,0.0,1.02,1.02,0.0,1.07,0.54,1.02,-0.6066666666666666,0.01,True,-17.83464,-2.97244,-1.460415,-1.5120250000000002,-3.014195,-1.491285,-1.52291,-2.98548,-1.46905,-1.51643,-2.9176450000000003,-1.42091,-1.496735,2.73172,0.4552866666666667,0.2265799999999999,0.2287066666666667,0.46769,0.23428,0.23341,0.45819,0.228345,0.229845,0.43998,0.217115,0.222865,0.0004611640380577,0.0324817321796233,4.189935500616572e-05,0.0608627531372176,-6.360390000000001,-1.060065,-0.53003,-0.530035,-1.049985,-0.52548,-0.524505,-1.05408,-0.5271250000000001,-0.5269550000000001,-1.07613,-0.537485,-0.538645,0.73064,0.1217733333333333,0.0608533333333333,0.0609199999999999,0.11972,0.05987,0.05985,0.120795,0.06037,0.060425,0.124805,0.06232,0.062485,2.8136582040672864e-05,0.0246635819501635,2.3570234707434123e-06,0.0417579108726596,-23.96,-10.15,-6.86,B1,B1,3d,d,3.0,0.3960726084697804,3d,d,3.0,0.8965334251231678,B-B,d-d
1763_CsVCuCl,1763,CsVCuCl,Cs2VCuCl6,Cs+,V2+,Cu2+,Cl-,Cs,V,Cu,Cl,188.0,79.0,73.0,181.0,0.4198895027624309,0.0165745856353591,1.0152276818253998,False,SL,4.112793102732373,d,4,2,d,4.0,2,basisset0,"{'V': ' 3d 3p 3s 4s', 'Cu': ' 3d 4s', 'Cs': ' 5p 5s', 'Cl': ' 3p 3s'}",d-d,-1.99302,0.01521,2.00823,0.0,,,,0.0,0.0,,,,0.0,0.0695310927981711,3d,d,3.0,0.0657533610880244,0.8923647952295657,3d,d,3.0,0.891451324000867,0.7284021780268812,3d,d,3.0,0.727936142655816,0.0,,,,0.0,0.2014751700751431,3p,p,3.0,0.1870494506434993,0.1027995116998094,3p,p,3.0,0.1023600415283339,1.0,1.0,False,semiconductor,6.953385276559203,9.83357176251542,2.39896509086455,4.258061478137835,4.797930181729102,2.51782079039316,4.258061478137835,5.035641580786317,0.032833,0.59,True,0.0001,0.0,2.0,2.06,-0.02,1.16,0.55,1.02,-0.6266666666666666,-0.01,True,-16.40375,-2.7339583333333333,-1.3175816666666669,-1.4163766666666666,-2.754925,-1.331915,-1.42301,-2.71637,-1.3068,-1.40957,-2.73058,-1.31403,-1.41655,2.49315,0.415525,0.2057866666666666,0.2097383333333333,0.421755,0.20972,0.212035,0.41195,0.203575,0.208375,0.41287,0.204065,0.208805,0.0005940854370017,0.0141022632020117,4.387490866727727e-05,0.0235966548342458,-6.37253,-1.0620883333333333,-0.5313433333333334,-0.530745,-1.05713,-0.529015,-0.528115,-1.068245,-0.5344450000000001,-0.5338,-1.06089,-0.53057,-0.53032,0.7282599999999999,0.1213766666666666,0.0606716666666666,0.060705,0.12042,0.060215,0.0602049999999999,0.12237,0.061165,0.0612049999999999,0.12134,0.060635,0.0607049999999999,4.462811331882458e-05,0.0104652312346903,5.773505346837794e-06,0.0160656908247055,-25.78,-10.97,-7.01,B2,B1,3d,d,3.0,0.727936142655816,3d,d,3.0,0.891451324000867,B-B,d-d
1787_CsCrCuCl,1787,CsCrCuCl,Cs2CrCuCl6,Cs+,Cr2+,Cu2+,Cl-,Cs,Cr,Cu,Cl,188.0,76.5,73.0,181.0,0.4129834254143646,0.0096685082872928,1.020212504869931,False,SL,4.148358966257608,d,4,2,d,4.0,2,basisset0,"{'Cr': ' 3d 3p 4s', 'Cu': ' 3d 4s', 'Cs': ' 5p 5s', 'Cl': ' 3p 3s'}",d-d,-1.41854,0.02252,1.44106,0.0,,,,0.0,0.0,,,,0.0,0.0698397104999882,3d,d,3.0,0.0649761336432618,0.6317933805002831,3d,d,3.0,0.6300457007827769,0.7214058372647489,3d,d,3.0,0.7203375230921607,0.0929975279187602,4s,s,4.0,0.0745365213945885,0.2081515587633924,3p,p,3.0,0.1893978136897316,0.2744710159625538,3p,p,3.0,0.2115633366227131,1.0,1.0,False,semiconductor,6.9234367803773775,9.791218193042402,2.3840554426036524,4.239721844585544,4.768110885207304,2.5115536539175487,4.239721844585544,5.023107307835098,0.035221,0.58,True,0.4096,2.7778,2.99,3.17,-0.06,0.97,0.58,1.02,-0.6,-0.01,True,-16.29429,-2.715715,-1.2538483333333332,-1.4618666666666666,-2.7179,-1.2547549999999998,-1.463145,-2.71639,-1.2549899999999998,-1.4614,-2.712855,-1.2517999999999998,-1.461055,2.40381,0.400635,0.1940433333333333,0.2065916666666667,0.40076,0.19411,0.20665,0.400765,0.1941399999999999,0.206625,0.4003799999999999,0.19388,0.2065,0.0002164674840127,0.0018577059816659,4.258970097954354e-05,0.0009609744530559,-6.51398,-1.0856633333333334,-0.550955,-0.5347083333333333,-1.0843349999999998,-0.55043,-0.5339050000000001,-1.08461,-0.55008,-0.53453,-1.088045,-0.5523549999999999,-0.53569,0.7457699999999999,0.1242949999999999,0.062725,0.06157,0.12409,0.0626299999999999,0.06146,0.124135,0.06262,0.061515,0.1246599999999999,0.062925,0.061735,0.000124699798683,0.0034172656348347,1.6414784005215914e-05,0.0045858642745081,-23.24,-9.8,-6.93,B2,B1,3d,d,3.0,0.7203375230921607,3d,d,3.0,0.6300457007827769,B-B,d-d
1809_CsMnCuCl,1809,CsMnCuCl,Cs2MnCuCl6,Cs+,Mn2+,Cu2+,Cl-,Cs,Mn,Cu,Cl,188.0,75.0,73.0,181.0,0.4088397790055249,0.005524861878453,1.023221172948046,False,SL,4.1707459954797965,d,4,2,d,4.0,2,basisset0,"{'Mn': ' 3d 3p 4s', 'Cu': ' 3d 4s', 'Cs': ' 5p 5s', 'Cl': ' 3p 3s'}",d-d,-0.09825,0.01228,0.11053,0.0,,,,0.0,0.0,,,,0.0,0.2416222810837934,3d,d,3.0,0.2396936389283108,0.0859065222571066,3d,d,3.0,0.0783040307132177,0.1617186557345024,3d,d,3.0,0.1599949437782616,0.5233062837439788,3d,d,3.0,0.5208483904024855,0.5964503025114484,3p,p,3.0,0.5905552076211051,0.3906227547869658,3p,p,3.0,0.3798338340237847,1.0,1.0,False,semiconductor,6.945789878583406,9.822830247686426,2.433198145185724,4.253410265779317,4.866396290371446,2.478216978657489,4.253410265779317,4.95643395731498,0.012436,0.575,True,0.0,0.0,3.98,4.61,-0.49,1.19,0.91,1.01,-0.6866666666666666,-0.0,True,-10.55652,-1.7594200000000002,-0.6786866666666667,-1.080733333333333,-1.78682,-0.7020150000000001,-1.0848049999999998,-1.74804,-0.667365,-1.080675,-1.7434,-0.66668,-1.07672,1.16665,0.1944416666666666,0.0762366666666666,0.118205,0.20173,0.08093,0.1208,0.190925,0.07391,0.117015,0.19067,0.0738699999999999,0.1168,0.0002296372570286,0.0246785872617112,1.3437088154622755e-05,0.0568808125830369,-7.55179,-1.2586316666666666,-0.695115,-0.5635166666666667,-1.12218,-0.55333,-0.56885,-1.31664,-0.75624,-0.5604,-1.337075,-0.775775,-0.5613,0.95628,0.15938,0.0930366666666666,0.0663433333333333,0.1321,0.06533,0.06677,0.17132,0.10521,0.06611,0.17472,0.10857,0.06615,3.7267747975290072e-06,0.1707370040745307,0.0,0.2674112184715773,-31.19,-11.43,-9.68,X,B2,3p,p,3.0,0.5905552076211051,3d,d,3.0,0.5208483904024855,X-B,p-d
1814_CsPdTlCl,1814,CsPdTlCl,Cs2PdTlCl6,Cs+,Pd+,Tl3+,Cl-,Cs,Pd,Tl,Cl,188.0,59.0,88.5,181.0,0.4074585635359116,0.0814917127071823,1.0233719246720403,False,SL,4.178386542708097,d,5,1,p,6.0,3,basisset0,"{'Pd': ' 4d 5s', 'Tl': ' 5d 6p 6s', 'Cs': ' 5p 5s', 'Cl': ' 3p 3s'}",d-p,-0.00645,0.00645,0.0129,0.0,,,,0.0,0.0,,,,0.0,0.3546632812068817,4d,d,4.0,0.3544516663235522,0.2421842398890003,4d,d,4.0,0.241306147883526,0.0575574038180915,6p,p,6.0,0.0480661606164767,0.185544267575754,6s,s,6.0,0.1482991190158564,0.5875780573739522,3p,p,3.0,0.552234044500276,0.5718517679591446,3p,p,3.0,0.5421142695905291,1.0,1.0,False,half-metal,7.393253211214518,10.455638961358009,2.40946328884094,4.527424476667189,4.818926577681878,2.818356191838065,4.527424476667189,5.636712383676131,0.112954,0.85,True,0.0001,0.0,0.97,0.81,-0.08,0.65,0.06,1.02,-0.4599999999999999,-0.01,True,-11.82759,-1.971265,-0.7578266666666665,-1.2134383333333334,-1.953205,-0.736425,-1.21678,-1.998555,-0.788925,-1.2096300000000002,-1.962035,-0.74813,-1.213905,1.56126,0.26021,0.0985466666666666,0.1616633333333333,0.25222,0.09336,0.15886,0.27129,0.105755,0.165535,0.25712,0.096525,0.160595,0.000286604070362,0.0230055319807331,7.520353149343727e-05,0.0732869605318782,-15.42006,-2.57001,-1.347308333333333,-1.2227016666666668,-2.56719,-1.34547,-1.22172,-2.57257,-1.34913,-1.22344,-2.57027,-1.347325,-1.2229450000000002,2.00988,0.33498,0.1757783333333333,0.1592016666666666,0.335385,0.175995,0.1593899999999999,0.33409,0.17531,0.15878,0.335465,0.17603,0.159435,0.0009515121241492,0.0020933770685716,0.0002277300385638,0.0041047226700101,-13.77,-7.08,-2.39,X,X,3p,p,3.0,0.552234044500276,3p,p,3.0,0.5421142695905291,X-X,p-p
